sku,product_name,category,size_range,short_description,product_url
229S,Style 229S Non-Restrained Flexible Coupling for FRP,Couplings,,Style 229S. Designed for FRP odor control piping systems. Can be installed in any weather. No curing time required,https://www.victaulic.com/products/style-229s-bolted-split-sleeve-coupling/
232,Style 232 Restrained Flexible Coupling,Couplings,,"Style 232. Restrained flexible joint for use on water, wastewater, force main and penstock piping. Sizes from 8 - 144"" | DN200 - DN3600. Pressures up to 400 psi | 2758 kPa | 28 bar",https://www.victaulic.com/products/style-232-restrained-flexible-coupling/
232S,Style 232S Restrained Flexible Coupling for Stainless Steel,Couplings,,"Style 232S. Restrained flexible joint for use where corrosion resistance is required. Satisfies the requirements of AWWA C227. Sizes from 3 - 96"" | DN80 - DN2400",https://www.victaulic.com/products/style-232s-restrained-flexible-coupling-for-stainless-steel/
233,Style 233 Restrained Flexible Coupling for Dynamic Joint Deflection,Couplings,,"Style 233. Restrained flexible joint that allows for dynamic (in-service) deflection. Sizes from 8 - 144"" | DN200 - DN3600. Pressures up to 300 psi | 2068 kPa | 21 bar",https://www.victaulic.com/products/style-233-restrained-flexible-coupling-for-dynamic-joint-deflection/
234,Style 234 Restrained Flexible Single-Gasket Coupling,Couplings,,"Style 234. Designed for use on water transmission, force mains and penstock lines. Sizes from 8 - 120"" | DN200 - DN3000. Pressures up to 300 psi | 2068 kPa | 21 bar",https://www.victaulic.com/products/style-234-restrained-flexible-single-gasket-coupling/
234S,Style 234S Restrained Flexible Single-Gasket Coupling for Stainless Steel,Couplings,,"Style 234S. Ideal for field joint connections requiring flexibility and thrust restraint. Sizes from 8 - 60"" | DN200 - DN1500. Pressures up to 200 psi | 1379 kPa | 14 bar",https://www.victaulic.com/products/style-234s-restrained-flexible-single-gasket-coupling-for-stainless-steel/
240S,Style 240S Stainless Steel Bellows Expansion Joint,Couplings,,"Style 240S. Concurrent axial, angular and/or lateral pipe movement possible. Lateral offset at pipeline joints. Designed to job-specific parameters",https://www.victaulic.com/products/style-240s-stainless-steel-bellows-expansion-joint/
230,Style 230 Non-Restrained Flexible Coupling,Couplings,,"Style 230. Non-restrained flexible pipe joint for water and wastewater pipelines. Up to ½"" | 13 mm intermittent axial movement. Satisfies the requirements of AWWA C227",https://www.victaulic.com/products/style-230-non-restrained-flexible-coupling/
230S,Style 230S Non-Restrained Flexible Coupling for Stainless Steel,Couplings,,"Style 230S. Non-restrained flexible pipe joint used where corrosion resistance is required. Up to ½"" | 13 mm intermittent axial movement. Satisfies the requirements of AWWA C227",https://www.victaulic.com/products/style-230s-non-restrained-flexible-coupling-for-stainless-steel/
SC998,Style SC998 HDPE-to-Shouldered Transition Coupling,Couplings,,"Style SC998. Sizes available to join 63 - 110 mm HDPE pipe to 2 - 4"" | DN50 - DN100 shouldered pipe (pipe O.D.). Pressure ratings conform to the maximum rating of the pipe. Regional availability, contact Victaulic for details",https://www.victaulic.com/products/style-sc998-hdpe-to-shouldered-transition-coupling/
152A,Style 152A Expansion Joint Coupling,Couplings,,"Style 152A. Large diameter pulverized coal/limestone coupling with 4° of deflection capability. Sizes from 10 - 30"" | DN250 - DN780. Pressures up to 50 psi | 345 kPa | 3 bar",https://www.victaulic.com/products/style-152a-expansion-joint-coupling/
231,Style 231 Non-Restrained Flexible Expansion Coupling,Couplings,,"Style 231. Non-restrained flexible expansion joint provides up to 4"" | 102 mm of axial movement. Satisfies the requirements of AWWA C227. Sizes from 16 - 144"" | DN400 - DN3600",https://www.victaulic.com/products/style-231-non-restrained-flexible-expansion-coupling/
231S,Style 231S Non-Restrained Flexible Expansion Coupling For Stainless Steel,Couplings,,"Style 231S. Flexible non-restrained expansion joint for aeration systems. Up to 4"" | 102 mm axial movement. Satisfies the requirements of AWWA C227",https://www.victaulic.com/products/style-231s-non-restrained-flexible-expansion-coupling-for-stainless-steel/
44,Style 44 Vic-Ring Traditional Grooved Coupling,Couplings,,"Style 44. Provided with a variety of ring options to maintain full pipe wall thickness for abrasive systems. Sizes from 4 - 60"" | DN100 - DN1500. Pressures up to 175 psi | 1207 kPa | 12 bar",https://www.victaulic.com/products/style-44-vic-ring-traditional-grooved-coupling/
809,Style 809 High Pressure Coupling for Ring Systems,Couplings,,"Style 809. Double-bolted coupling for use with Schedule 80 or heavier steel pipe. Coupling engages directly onto restraint rings (supplied with coupling) welded to the O.D. of the pipe. Sizes from 4 - 10"" | DN100 - DN250",https://www.victaulic.com/products/style-809-high-pressure-coupling-for-ring-systems/
,Aquamine™ System Fittings,Fittings,,"Variety of straight and reducing fittings. Sizes from 2 - 12"" | DN50 - DN300. Pressures up to 350 psi | 2413 kPa | 24 bar",https://www.victaulic.com/products/aquamine-system-fittings/
,Grooved Fittings for Aluminum,Fittings,,"Designed with original grooved ends (OGS) for assembly with Victaulic couplings. Available in elbow, tee, cap, and concentric reducer fitting configurations, as well as grooved by thread, grooved by bevel, and groove by groove adapter nipples for 1 – 8” / DN25 – DN200 sizes. For other configur",https://www.victaulic.com/products/grooved-fittings-for-aluminum/
,Grooved Shouldered Fittings,Fittings,,"Shoulder end fittings to be installed using Victaulic couplings for shouldered pipe. Sizes from 2 - 8"" | DN50 - DN200 (pipe O.D.). Pressure ratings conform to ratings of installed coupling",https://www.victaulic.com/products/grooved-shouldered-fittings/
,"Long Radius Steel Elbows 3D, 5D and 6D",Fittings,,"Standard fitting pressure ratings conform to ratings of installed couplings. All fittings supplied with grooves or shoulders for fast installation. Fittings available from 3/4 - 24"" | DN20 - DN600",https://www.victaulic.com/products/long-radius-steel-elbows-3d-5d-and-6d/
,Plain End Fittings,Fittings,,Provides change of direction to plain end piping systems. Ready-to-install fitting. Compatible with Style 99 Roust-A-Bout coupling,https://www.victaulic.com/products/plain-end-fittings/
,StrengThin™ Grooved Fittings for Duplex and Super Duplex Stainless Steel,Fittings,,"Designed for use on high pressure stainless steel piping systems. Sizes from 2 - 16"" | DN50 - DN400. Pressures up to 1200psi |8274 kPa | 83 bar",https://www.victaulic.com/products/strengthin-grooved-fittings-for-duplex-and-super-duplex-stainless-steel/
994,Style 994 Vic-Flange Adapter,Fire Protection,,"Style 994. Permits direct connection of ANSI Class 125 and 150 flanged components into HDPE systems.. No fused adapters or standard flange gasket are required.. Available in 4 - 8"" | DN100 - DN200 sizes",https://www.victaulic.com/products/style-994-vic-flange-adapter/
,No. 26 Outlet Fitting,Fittings,,"An outlet fitting for any mechanical room application. Available with OGS and AGS™ groove ends. Sizes from ¾ – 24"" | DN20 – DN600",https://www.victaulic.com/products/no-26-vic-outlet-fitting/
DLY,Style DLY Delta-Y Assembly,Fire Protection,,"Style DLY. Assembles with Style 107 Rigid Couplings, Series 761 Vic-300™ MasterSeal Butterfly Valves and cast fittings. Ideal for bulk cement/barite systems commonly found on offshore drilling platforms. Sizes from 5 - 6"" | DN125 - DN150",https://www.victaulic.com/products/style-dly-delta-y-assembly/
415,Series 415 Double Disc Check Valve,Valves,,"Available with grooved ends for installation in either StrengThin™ Systems or Original Grooved Systems (OGS). Sizes from 2 - 18"" | DN50 - DN450. Pressures up to 1200 psi | 8274 kPa | 83 bar",https://www.victaulic.com/products/series-415-double-disc-check-valve/
716,Series 716/716H Check Valve,Valves,,"Features an elastomer encapsulated disc and a welded in nickel seat. Sizes from 2 - 12"" | DN50 - DN300. Pressures up to 365 psi | 2517 kPa | 25 bar",https://www.victaulic.com/products/series-716-series716-vic-check-valve/
721,Series 721 Ball Valve,Valves,,"Floating ball reduces torque requirements. Sizes from 4 - 6"" | DN100 - DN150. Pressures up to 800 psi | 5515 kPa | 55 bar",https://www.victaulic.com/products/series-721-ball-valve/
7A2,Series 7A2 Butterfly Valve,Valves,,Designed for pressures ranging from vacuum to 300 psi/2065 kPa.. Features a narrow profile design and coated inner body which enable superior flow characteristics and low break-away torque. Standard polyphenylene sulfide blend (PPS) coating accommodates a wide variety of severe services.,https://www.victaulic.com/products/series-7a2-butterfly-valve/
7B2,Series 7B2 Butterfly Valve,Valves,,"Features a weatherproof actuator housing approved for indoor or outdoor use for domestic water or combined domestic water/fire protection services.. Features a ductile iron body and disc with an EPDM coating that includes a heat-fused polyphenylene sulfide blend.. For fire protection services, cULus",https://www.victaulic.com/products/series-7b2-butterfly-valve/
,GDC-CTS Go/No-Go Groove Diameter Cable for Copper Tube,Fire Protection,,"Go/No-Go pocket-sized cable for taking circumferential measurements of copper tubing. GDC-CTS cable should only be used to check roll-grooved tubing to CTS Standard Types K, L, M hard-drawn copper tubing per ASTM B-88 and DWV per ASTM B-306 specifications (2 - 8"" | 54.0 - 206.4 mm tubing sizes). GDC",https://www.victaulic.com/products/gdc-cts-gono-go-groove-diameter-cable-for-copper-tube/
,No. T-60 Test Cap Kit,Fire Protection,2 – 8 | DN50 – DN200,"Allows user another means to verify system is unpressurized and empty of test media before continuing work. Packaged in stackable, heavy-duty rolling case. Includes 2 - 8 | DN50 - DN200 IPS test caps",https://www.victaulic.com/products/no-t-60-test-cap-kit/
,VAPS1672 Adjustable Pipe Stand,Fire Protection,,"Designed specifically for supporting pipe to be roll grooved. Self-standing, heavy duty unit permits free pipe rotation and traversing on ball transfers. Designed for use with VE436MC and VE460 tools",https://www.victaulic.com/products/style-vaps1672-vic-easy-adjustable-pipe-stand/
,VAPS224 Adjustable Pipe Stand,Fire Protection,,"Designed specifically for supporting pipe to be roll-grooved. Self-standing, heavy-duty unit permits free pipe rotation and traversing on ball transfers. Capacity: 2 - 24""| DN50 - DN600 IPS pipe",https://www.victaulic.com/products/style-vaps224-vic-easy-adjustable-pipe-stand/
,FireLock™ Sprinkler Escutcheons,Sprinklers,,V27 and V34 Recessed V27 and V34 Flush V29 Extended V29 Flush,https://www.victaulic.com/products/firelock-sprinkler-escutcheons/
SC85,Style SC85 Flexible Coupling for Shouldered Steel Pipe,Couplings,,"Style SC85. Joins shouldered steel pipe, fittings and valves. Sizes from 2 - 14"" | DN50 - DN350. Pressures up to 610 psi | 4200 kPa | 42 bar",https://www.victaulic.com/products/style-sc85-flexible-coupling-for-shouldered-steel-pipe/
,VAPS270 Adjustable Pipe Stand,Fire Protection,,"¾” – 12” capability. Regional availability, contact Victaulic for details.",https://www.victaulic.com/products/vaps270-adjustable-pipe-stand/
,No. 826 Steam Outlet Fitting,Fittings,,"Outlet fitting for use in saturated steam systems. Available only with OGS-200 roll grooved ends. Sizes from 2 - 8"" | DN50 - DN200",https://www.victaulic.com/products/no-826-steam-outlet-fitting/
L77,Style L77 Cast Carbon Steel Flexible Coupling,Couplings,,"Style L77. Flexible pipe joint which allows for expansion, contraction and deflection. Sizes from 2 - 12” | DN50 - DN300. Pressures up to 1000 psi | 6895 kPa | 69 bar",https://www.victaulic.com/products/style-l77-flexible-coupling-for-carbon-steel/
50T,50T Large Diameter Roll Grooving Tool,Fire Protection,,"Fully motorized, semi-automatic, electro-hydraulic tool.. Capable of roll grooving 14 - 78""/DN350 - DN1800 steel pipe.",https://www.victaulic.com/products/50t-large-diameter-roll-grooving-tool/
,Rigid and Flexible OGS Long Run Fittings,Fittings,,"One-piece manufactured OGS long run fittings for mechanical room & distribution piping applications. Sizes from 2 1/2 - 12"" | 73.0 mm - DN300.",https://www.victaulic.com/products/rigid-and-flexible-ogs-long-run-fittings/
,Extended Life (XL) Elbows 1 1/2 and 3D,Fittings,,"1½D and 3D elbows designed for ¼"" | 6 mm extra lining resulting in up to three times the service life when compared to standard rubber lined fittings. Sizes from 3 - 12"" | DN80 - DN300. Comes with Style XL77 flexible couplings for pipe-to-fitting and Style XL79 flexible couplings for fitting-to-fi",https://www.victaulic.com/products/extended-life-xl-elbows-1-12-and-3d/
,Vic-Blast Air-Water Blast Nozzle,Sprinklers,,Browse manuals and submittal forms.,https://www.victaulic.com/products/vic-blast-air-water-blast-nozzle/
387,Series 387 and Series 388 Modular Dual Pump Skids,Fire Protection,,"Series 387 Inline Modular Dual Pump Skid & Series 388 End Suction Modular Dual Pump Skid. Sizes from 2 1/2 - 10"" | 73.0 mm - DN250.",https://www.victaulic.com/products/series-387-and-series-388-modular-dual-pump-skids/
41,Style 41 Vic-Ring Traditional Grooved Coupling,Couplings,,"Style 41. Provided with a variety of ring options to maintain full pipe wall thickness for abrasive systems. Sizes from 30 - 66"" | 750 - 1675 mm. Pressures up to 90 psi | 621 kPa | 6 bar",https://www.victaulic.com/products/style-41-vic-ring-traditional-grooved-coupling/
475DX,Style 475DX Duplex Stainless Steel Lightweight Flexible Coupling,Couplings,,"Style 475DX. Unique coupling design permits assembly by removing one nut/bolt and scissoring housing over gasket. Optional super duplex stainless steel housing. Sizes from 1 - 4"" | DN25 - DN100",https://www.victaulic.com/products/style-475dx-duplex-stainless-steel-flexible-coupling/
77A,Style 77A Aluminum Flexible Coupling,Couplings,,Style 77A.,https://www.victaulic.com/products/style-77a-aluminum-flexible-coupling/
78,Style 78 Snap-Joint™ Coupling,Couplings,,"Style 78. Designed for quick disconnect service. Sizes from 1 - 8"" | DN25 - DN200. Pressures up to 300 psi | 2068 kPa | 21 bar",https://www.victaulic.com/products/style-78-snap-joint-coupling/
XL77,Style XL77 Flexible Coupling for XL Fitting to Pipe,Couplings,,Style XL77. For use with XL (extended life) fittings. Style XL77 for pipe-to-fitting connections. Style XL79 for fitting-to-fitting connections,https://www.victaulic.com/products/style-xl77-flexible-coupling-for-xl-fitting-to-pipe/
XL79,Style XL79 Flexible Coupling for XL Fitting to Fitting,Couplings,,Style XL79. For use with XL (extended life) fittings. Style XL77 for pipe-to-fitting connections. Style XL79 for fitting-to-fitting connections,https://www.victaulic.com/products/style-xl79-flexible-coupling-for-xl-fitting-to-fitting/
99,Style 99 Plain End Coupling,Couplings,,"Style 99. Grips to provide a strong component for joining plain and beveled end pipe and fittings. Not designed for use with plastic pipe. Sizes from 1 - 18"" | DN25 - DN450",https://www.victaulic.com/products/style-99-plain-end-roust-a-bout-coupling/
995N,Style 995N Plain End Coupling,Couplings,,"Style 995N. Coupling teeth create 360° grip of HDPE pipe for secure seal. Sizes from DN50 - DN500 | 2 - 20"". Pressure rating conforms to the maximum rating of the pipe",https://www.victaulic.com/products/style-995n-plain-end-coupling-for-hdpe/
150,Style 150 Mover Expansion Joint,Couplings,,"Style 150. Slip-type expansion joint providing up to 3"" | 76 mm axial end movement. Sizes from 2 - 6"" | DN50 - DN150. Pressures up to 350 psi | 2413 kPa | 24 bar",https://www.victaulic.com/products/style-150-mover-expansion-joint/
155,Style 155 Expansion Joint,Couplings,,"Style 155. Combination of couplings and short nipples, joined in tandem to provide increased expansion. Style 155 grooved expansion joints are rated to the working pressure of the coupling used. Sizes from ¾ - 12"" | DN20 - DN300",https://www.victaulic.com/products/style-155-expansion-joint/
808,Style 808 High Pressure Coupling,Couplings,,"Style 808. Double-bolted coupling for use with Schedule 80 or heavier steel pipe. Sizes from 6 - 12"" | DN150 - DN300. Pressures up to 4000 psi | 27579 kPa | 275 bar",https://www.victaulic.com/products/style-808-high-pressure-coupling/
,No. 67 Vic-End II End of Run Elbow,Fittings,,"Standard fitting pressure ratings conform to ratings of installed coupling. All fittings supplied with grooves for fast installation. Fittings available from 1¼ - 3"" | DN32 - DN80",https://www.victaulic.com/products/no-67-vic-end-ii-end-of-run-elbow/
441,Style 441 Flange Adapter for Stainless Steel,Fittings,,"Style 441. ANSI Class 150. Constructed from Grade CF8M stainless steel for externally corrosive environments. Sizes from 2 - 6"" | DN50 - DN150",https://www.victaulic.com/products/style-441-vic-flange-adapter-for-stainless-steel/
317,Series 317 AWWA Check Valve,Valves,,"Valve design, materials, and testing conform to the requirements of AWWA C-508 for water and wastewater treatment services. Sizes from 3 - 12"" | DN80 - DN300. Pressures up to 175 psi | 1 207 kPa | 12 bar",https://www.victaulic.com/products/series-317-awwa-check-valve/
700,Series 700 Butterfly Valve,Valves,,"Two-piece stem permits narrow disc design for low pressure drop performance. Supplied standard with aluminum bronze disc, 316 stainless steel optional. Sizes from 1½ - 6"" | DN40 - DN150",https://www.victaulic.com/products/series-700-butterfly-valve/
722,Series 722 Brass Body Ball Valve,Valves,,"Standard port, female threaded end valve constructed from forged brass. Sizes from ¼ - 2"" | DN8 - DN50. Pressures up to 600 psi | 4137 kPa | 41 bar",https://www.victaulic.com/products/series-722-brass-body-ball-valve/
779,Series 779 Venturi Check Valve,Valves,,"Check valve with available flow measuring kit and venturi-like taps provide accurate measurement. Sizes from 4 - 12"" | DN100 - DN300. Pressures up to 300 psi | 2068 kPa | 21 bar",https://www.victaulic.com/products/series-779-venturi-check-valve/
912,Style 912 FireLock™ Low Profile Sprinkler Tee – (EMEA only),Sprinklers,,"Style 912. Provides a direct branch connection for sprinklers only at any location where a hole can be cut in the pipe. Sizes from 1 - 1½"" | 25 - 40 mm. Pressures up to 232 psi | 1600 kPa | 16 bar",https://www.victaulic.com/products/style-912-firelock-low-profile-sprinkler-tee-emea-only/
731-D,Series 731-D Suction Diffuser,Fire Protection,,"Allows building up at a 90° angle from the pump, saving valuable space in the mechanical room while still protecting the pump against cavitation. ANSI Class 150, Australian Standard Table E, PN10/16, GB, and JIS 10K. Sizes from 3 - 12"" | DN80 - DN300",https://www.victaulic.com/products/series-731-d-suction-diffuser/
233S,Style 233S Restrained Flexible Coupling for Dynamic Joint Deflection For Stainless Steel,Couplings,,Style 233S. Designed for use where corrosion resistance is required. Restrained flexible joint that allows for dynamic (in-service) deflection. Satisfies the requirements of AWWA C227,https://www.victaulic.com/products/style-233s-restrained-flexible-coupling-for-dynamic-joint-deflection-for-stainless-steel/
FTV,Series FTV Flow Test Valve,Valves,,Utilized downstream of pressure reducing control valves when present at multi-story building floor control assemblies May also be utilized […],https://www.victaulic.com/products/series-ftv-flow-test-valve/
FL-SA,FireLock™ Series FL-SA/NZ Window Nozzles,Sprinklers,,Nozzles. K1.4 | S.I.2.0. Window Sprinkler,https://www.victaulic.com/products/firelock-model-v1001/
FL-QR,FireLock™ Series FL-QR/C Sprinklers,Sprinklers,,"FireLock Series FL-QR/C Sprinklers: V5606, K5.6 | 8.1 SI, V3802, K5.6 | 8.1 SI, V3808, K5.6 | 8.1 SI",https://www.victaulic.com/products/firelock-series-fl-qr-c-sprinklers/
FL-QR,FireLock™ Series FL-QR/CNV Sprinklers,Sprinklers,,"FireLock™ Series FL-QR/CNV Sprinklers: V2726, K5.6 | 8.1 SI, V2754, K5.6 | 8.1 SI, V8125, K8.0 | 11.5 SI",https://www.victaulic.com/products/firelock-series-fl-qr-cnv-sprinklers/
FL-SR,FireLock™ Series FL-SR/SW Sprinklers,Sprinklers,,"FireLock Series FL-SR/SW Sprinklers: V2870, K2.8 | 4.0 SI, V4270, K4.2 | 6.1 SI, V2709, K5.6 | 8.1 SI, V3409, K8.0 | 11.5 SI",https://www.victaulic.com/products/firelock-series-fl-sr-sw-sprinklers/
FL-SR,FireLock™ Series FL-SR/CNV Sprinklers,Sprinklers,,"FireLock™ Series FL-SR/CNV Sprinklers: V2725, K5.6 | 8.1 SI, V2753, K5.6 | 8.1 SI, V8169, K8.0 | 11.5 SI",https://www.victaulic.com/products/firelock-series-fl-sr-cnv-sprinklers/
FL-ECLH,FireLock™ Series FL-ECLH Sprinklers,Sprinklers,,"FireLock™ Series FL-ECLH Sprinklers: V5614, K5.6 | 8.1 SI, V3428, K8.0 | 11.5 SI, V3412, K11.2 | 16.1 SI, V3414, K14.0 | 20.2 SI",https://www.victaulic.com/products/firelock-series-fl-eclh-sprinklers/
FL-ECLH,FireLock™ Series FL-ECLH/C Sprinklers,Sprinklers,,"FireLock™ Series FL-ECLH/C Sprinklers: V5603, K5.6 | 8.1 SI, V3102, K8.0 | 11.5 SI, V1106, K11.2 | 16.1 SI",https://www.victaulic.com/products/firelock-series-fl-eclh-c-sprinklers/
FL-ECOH,FireLock™ Series FL-ECOH Sprinklers,Sprinklers,,"FireLock™ Series FL-ECOH Sprinklers: Upright: V1121, K11.2 | 16.1 SI, V3425, K14.0 | 20.2 SI | Pendent & Recessed Pendent: V1113, K11.2 | 16.1 SI, V3421, K14.0 | 20.2 SI",https://www.victaulic.com/products/firelock-series-fl-ecoh-sprinklers/
,VAPS112 Adjustable Pipe Stand,Fire Protection,,Designed for supporting pipe to be roll-grooved. Turnstile design allows pipe to be spun around for grooving of both pipe ends without dismounting pipe from stand. Forward/traverse movement,https://www.victaulic.com/products/style-vap112-vic-easy-adjustable-pipe-stand/
972S-2B-H,Series 972S-2B-H Watchdog Pressure Reducing Valve (PRV) Combo with Integrated Low-Flow Bypass,Valves,,Victaulic Series 972S-2B-H | Bermad Model BC-72S-2B-H-P. Sizes from 1 ½ – 8” | DN40 – DN200. Pressure up to 300 psi | 2068 kPa | 21 bar,https://www.victaulic.com/products/watchdog-pressure-reducing-valve-prv-combo-integrated-low-flow-bypass/
970-N,Series 970-N Check Valve,Valves,,Victaulic Series 970-N | Bermad Model BC-70N-P. Sizes from 1 ½ - 8” | DN40 - DN200. Pressure up to 400 psi | 2758 kPa | 28 bar,https://www.victaulic.com/products/series-970-n-check-valve/
971,Series 971 Solenoid Control Valve (On/Off),Valves,,Victaulic Series 971 | Bermad Model BC-710-P. Sizes from 1 ½ - 8” | DN40 - DN200. Pressure up to 400 psi | 2758 kPa |28 bar,https://www.victaulic.com/products/solenoid-control-valve-on-off/
975-67,Series 975-67 Level Control Valve with Modulating Vertical Float,Valves,,"Victaulic Series 975-67 | Bermad Model BC-750-67-P. Sizes from 1 1/2 - 8"" | DN40 - DN200. Pressure up to 250 psi | 1724 kPa | 17 bar",https://www.victaulic.com/products/series-975-67-level-control-valve-with-modulating-vertical-float/
,FireLock™ Sprinkler Wrenches,Sprinklers,,"Range of wrenches offered designed for specific Victaulic sprinkler frames. Most Victaulic sprinklers have a unique hex-head design to allow wrench engagement from a greater variety of angles and positions than conventional sprinklers. In addition to standard offset open end wrenches, there are sock",https://www.victaulic.com/products/sprinkler-wrench-firelock-model-v27-open-end/
UM,Series UM Universal Manifold Assembly,Fire Protection,,"Universal manifold assembly incorporating a flow switch, test drain, system pressure gauge and pressure relief valve.. Sizes from 1¼ – 8″ | DN32 – DN200. Pressures up to 300 psi | 2068 kPa | 20.6 bar",https://www.victaulic.com/products/series-um-universal-manifold-assembly/
HP-70,Style HP-70 Rigid Coupling,Couplings,,"Style HP-70. Heavy housing for high pressure service. Sizes from 2 - 16"" | DN50 - DN400. Pressures up to 1000 psi | 6895 kPa | 69 bar",https://www.victaulic.com/products/style-hp-70-rigid-high-pressure-coupling/
,Grooved Fittings,Fittings,,"Standard fitting pressure ratings conform to ratings of installed coupling. All fittings supplied with grooves or shoulders for fast installation. Fittings available from ¾ - 24"" | DN20 - DN600",https://www.victaulic.com/products/grooved-fittings/
732,Series 732 Wye Type Strainer,Fire Protection,,"Provides straight-through flow for lower pressure drop. Sizes from 2 - 12"" | DN50 - DN300. Pressures up to 300 psi | 2068 kPa | 21 bar",https://www.victaulic.com/products/series-732-vic-strainer-wye-type/
307,Style 307 AWWA Transition Coupling,Couplings,,"Style 307. Single transition for connecting grooved end IPS steel to grooved end AWWA ductile iron. Designed for Class 53 or higher pipe. Optional coatings include galvanized, organic zinc primer and bituminous",https://www.victaulic.com/products/style-307-awwa-transition-coupling/
005H,FireLock™ Style 005H Rigid Coupling,Couplings,,"Style 005H. Angled bolt pad provides rigidity. Sizes from 1¼ - 8"" | DN32 - DN200. Pressures up to 350 psi | 2413 kPa | 24 bar",https://www.victaulic.com/products/style-005h-firelock-rigid-coupling/
78A,Snap-Joint™ Style 78A Aluminum Coupling,Couplings,,Style 78A.,https://www.victaulic.com/products/style-78a-aluminum-snap-joint-coupling/
2905,Aquamine™ Series 2905 Coupling for PVC,Couplings,,"Sizes from DN50 - DN300 | 2 - 12"". Pressures up to 350 psi | 2413 kPa | 24 bar",https://www.victaulic.com/products/series-2905-aquamine-coupling-for-pvc/
922,FireLock™ Style 922 Outlet-T,Fire Protection,,"Style 922. Provides a direct branch connection at any location where a hole can be cut in the pipe. Available as female threaded outlet. Sizes from 1¼ - 2½"" | 25 - 76.1 mm",https://www.victaulic.com/products/style-922-firelock-outlet-t/
717HR,FireLock™ Series 717HR High Pressure Riser Check Valve,Valves,,"Features a stainless steel disc which seats against the O-ring seal, when mounted on the electroless nickel plated face. Includes upstream and downstream pressure taps, must specify riser check kit when ordered. Sizes from 2 - 3"" | DN50 - DN75",https://www.victaulic.com/products/series-717hr-firelock-high-pressure-check-valve-assembly/
728,FireLock™ Series 728 Ball Valve,Valves,,"Standard port and supervisory switch. Available with grooved or female threaded ends. Sizes from 1 - 2"" | DN25 - DN50",https://www.victaulic.com/products/series-728-firelock-grooved-ball-valve/
771H,FireLock™ Series 771H OS&Y Gate Valve,Valves,,"Available as Groove × Groove or Groove × Flange*. Used when positive shut-off is required in a fire line and a quick visual indicator of open/closed position is needed. Sizes from 2½ - 12"" | DN65 - DN300",https://www.victaulic.com/products/series-771h-firelock-osy-gate-valve/
772H,FireLock™ Series 772H NRS Gate Valve,Valves,,"Available as Groove × Groove or Groove × Flange*. Used for shut-off service where the valve is operated remotely. Sizes from 2½ - 12"" | DN65 - DN300",https://www.victaulic.com/products/series-772h-firelock-nrs-gate-valve/
FL-SA,FireLock™ Series FL-SA/IC Interstitial Sprinklers,Sprinklers,,"FireLock™ Series FL-SA/IC Sprinklers: V2502, K4.2 | 6.1 SI, V5608, K5.6 | 8.1 SI Interstitial Combustible Concealed Space",https://www.victaulic.com/products/firelock-series-fl-sa-ic-sprinklers/
HP-70ES,EndSeal™ Style HP-70ES High-Pressure Coupling for Plastic Coated Pipe,Couplings,,"Style HP-70ES. For plastic coated pipe or high pressure rigid systems. Schedule 80 wall thickness for use with HP-70ES couplings. Coupling sizes from 2 - 12"" | DN50 - DN300 and Fitting sizes from 2 - 6"" | DN50 - DN150",https://www.victaulic.com/products/style-hp-70es-endseal-high-pressure-coupling-for-plastic-coated-pipe/
732H,FireLock™Style 732H Wye Type Strainer,Fire Protection,,"Provides straight through flow for lower pressure drop. Sizes from 2 - 4"" | DN50 - DN100. Pressures up to 365 psi | 2517 kPa | 25 bar",https://www.victaulic.com/products/series-732h-firelock-vic-strainer-wye-type/
752,FireLock™ Series 752 Retard Chamber,Fire Protection,,Reduces the possibility of false alarms due to water supply pressure surges. Designed for use with Victaulic® Series 751 alarm check valves. Pressures up to 300 psi | 2068 kPa | 21 bar,https://www.victaulic.com/products/series-752-firelock-retard-chamber/
751,FireLock™ Series 751 Alarm Check Valve,Valves,,"Prevents the reverse flow of water from the system piping to the water supply. Sizes from 1½ - 8"" | 40 - 200 mm. Pressures up to 300 psi | 2068 kPa | 21 bar",https://www.victaulic.com/products/series-751-firelock-alarm-check-valve/
CG3100,"CG3100, CG3300, CG3500 Cut Grooving Tools",Fire Protection,,Designed for cut grooving 8 – 36” IPS HDPE pipe and 250 – 900 mm ISO HDPE pipe (SDR 7 – SDR 21). Provides the only grooved joining solution for large diameter HDPE pipe. Faces and cuts parallel grooves into the end of the pipe,https://www.victaulic.com/products/hdpe-cut-grooving-tools-models-cg3100-cg3300-cg3500/
W257,Style W257 Dynamic Movement Joint,Couplings,,"Style W257. M11 Compliant assembly built to accommodate up to 4’’I 102mm of dynamic movement including differential settlement, seismic and thermal movement. Sizes from 14 - 78’’ / DN350 - DN1950 carbon steel pipe. Working pressure is equal to the Style W77 coupling on equivalent wall thickness pipe.",https://www.victaulic.com/products/style-w257-dynamic-movement-joint/
257C,Style 257C Dynamic Movement Joint,Couplings,,"Style 257C. M11 Compliant assembly built to accommodate up to 4’’/ 102mm of dynamic movement including differential settlement, seismic and thermal movement. Sizes from 3 – 36""/DN80 – DN900 ductile iron and cast iron pipe. Working pressure is equal to the Style 31 coupling on equivalent wall thickness p",https://www.victaulic.com/products/style-257c-dynamic-movement-joint/
W77,Style W77/W77B AGS Flexible Coupling,Couplings,,"Style W77. Unique wedge shaped key profile increases allowable pipe end separation. Sizes from 14 - 78"" | DN350 - DN2000. Pressures up to 350 psi | 2413 kPa | 24 bar",https://www.victaulic.com/products/style-w77-w77b-ags-flexible-coupling/
358,Style 358 Reducing Coupling For CPVC/PVC Pipe,Couplings,,"Style 358. Designed for use on chlorinated polyvinyl chloride/polyvinyl chloride (CPVC/PVC) pipe featuring the Victaulic PGS-300 groove profile. Sizes from 2 1/2 x 2"" to 10 x 8""/73.0 x 60.3 mm to 273.0 x 219.1 mm. Refer to the submittal for maximum pressure ratings and temperature reduction factors",https://www.victaulic.com/products/style-358-reducing-coupling/
W07,Style W07 AGS Rigid Coupling,Couplings,,"Style W07. First flat pad, metal-to-metal, rigid coupling to be offered in this size range. Sizes from 14 - 50"" | DN350 - DN1250. Pressures up to 350 psi | 2413 kPa | 24 bar",https://www.victaulic.com/products/style-w07-ags-rigid-coupling/
W741,Style W741 AGS Flange Adapter,Fire Protection,,"Style W741. Designed for directly incorporating flanged components with ANSI Class 125-150 bolt hole patterns. Sizes from 14 - 24"" | DN350 - DN600. Pressures up to 300 psi | 2068 kPa | 21 bar",https://www.victaulic.com/products/style-w741-ags-vic-flange-adapter/
W07,Style W07 AGS Vic-Ring Rigid Coupling System,Couplings,,"Style W07 AGS™ Vic-Ring Rigid Coupling System. Coupling installs on the supplied ring to maintain full pipe wall thickness on abrasive systems. Sizes from 14 - 50"" | DN350 - DN1250. Pressures up to 350 psi | 2413 kPa | 24 bar",https://www.victaulic.com/products/style-w07-ags-vic-ring-rigid-coupling-system/
LW07,Style LW07 AGS Cast Carbon Steel Rigid Coupling,Couplings,,"Style LW07. First flat pad, metal-to-metal, rigid coupling to be offered in this size range. Sizes from 14 - 16” | DN350 - DN400. Pressures up to 740 psi | 5100 kPa | 51 bar",https://www.victaulic.com/products/style-l07-rigid-couplings-for-carbon-steel/
644,Installation-Ready™ Style 644 Transition Coupling,Couplings,,"Style 644. Provides a single coupling connection for grooved end stainless steel pipe to grooved end copper tubing of the same nominal size. Designed for use only on Types 304 and 316 Schedules 10S and 40S stainless steel pipe and ASTM B88 Types K, L and M and ASTM B306 Type DWV copper tubing. Sizes from 2 - 6",https://www.victaulic.com/products/style-644-installation-ready-transition-coupling-potable-water/
877N,QuickVic™ Installation-Ready™ Style 877N Flexible Coupling for Potable Water Applications,Couplings,,Style 877N. For use on stainless steel and galvanized carbon steel potable water piping systems only. Sizes from 2 - 8” | DN50 - DN200.,https://www.victaulic.com/products/style-877n-quickvic-installation-ready-flexible-coupling-for-potable-water-applications/
856,Installation-Ready™ Style 856 Transition Coupling for CPVC/PVC Pipe in Potable Water Applications,Couplings,,"Style 856. Designed for use on chlorinated polyvinyl chloride/polyvinyl chloride (CPVC/PVC) pipe featuring the Victaulic PGS-300 groove profile. Utilizes Grade P gasket material for improved resistance to typical potable water disinfectants. Sizes from 2 – 12""/DN50 – DN300",https://www.victaulic.com/products/style-856-installation-ready-transition-coupling-for-cpvc-pvc-pipe-in-potable-water-applications/
875,Style 875 Reducing Coupling for Potable Water Applications,Couplings,,Style 875. For use on stainless steel and galvanized carbon steel potable water piping systems only. Pressures up to 500 psi | 3447 kPa.,https://www.victaulic.com/products/style-875-reducing-coupling-for-potable-water-applications/
858,Style 858 Reducing Coupling for CPVC/PVC Pipe in Potable Water Applications,Couplings,,"Style 858. Designed for use on CPVC/PVC pipe featuring the Victaulic PGS-300 groove profile. Sizes: 2 ½ x 2"" to 10 x 8"" | 73.0 x 60.3 mm to 273.0 x 219.1 m",https://www.victaulic.com/products/style-858-reducing-coupling-for-cpvc-pvc-pipe-in-potable-water-applications/
841,Style 841 Vic-Flange Adapter for Potable Water Applications,Fire Protection,,Style 841 Vic-Flange Adapter for Potable Water Applications. Sizes from 2 – 12” | DN50 – DN300. Pressures up to 300 psi | 2068 kPa.,https://www.victaulic.com/products/style-841-vic-flange-adapter/
416,Series 416/E416 Stainless Steel Check Valve,Valves,,Sizes from 2 - 12″ | DN50 - DN300. Pressures up to 300 psi | 2068 kPa | 21 bar. Series 416: Features Original Groove System (OGS) grooved ends,https://www.victaulic.com/products/series-416e416-stainless-steel-check-valve/
P589,Vic-Press™ Series P589 Ball Valve,Valves,,"Series P589. Features a brass body with Style 304/316 stainless steel press ends. The three-piece swing-out design permits easy in-line maintenance.. Sizes from ½ - 2"" | DN15 - DN50",https://www.victaulic.com/products/style-p589-vic-press-brass-body-ball-valve-with-stainless-steel-press-ends-style-304316/
870,Style 870 High Performance Rigid Coupling,Couplings,,"Style 870. Sizes from 2 - 8"" | DN50 - DN200. Steam applications: Pressure up to 200 psi | 1379 kPa. Non-steam applications: Full vacuum up to 740 psi | 5102 kPa",https://www.victaulic.com/products/style-870-rigid-coupling/
,Steam and Condensate Drip Leg Fittings,Fittings,,"Manufactured drip leg with drain capabilities suitable for manual or automatic warm-up. Uses ¾"" NPT ball valve for draining.",https://www.victaulic.com/products/steam-and-condensate-drip-leg-fittings/
108,FireLock™ IGS™ Installation-Ready™ Style 108 Rigid Coupling,Couplings,,"Style 108. Patented one-bolt coupling. Utilizes the Victaulic proprietary IGS™ groove specification.. Optimized for 1"" | DN25 pipe",https://www.victaulic.com/products/style-108-firelock-igs-installation-ready-rigid-coupling/
V9,Style V9 FireLock™ IGS™ Installation-Ready™ Sprinkler Coupling,Sprinklers,,"Style V9. Sprinkler Connections: 1"" | DN25, ¾""| DN20, ½""| DN15. One-Bolt coupling, optimized for sprinkler installation. Utilizes the proprietary IGS™ groove specification",https://www.victaulic.com/products/style-v9-firelock-igs-installation-ready-sprinkler-coupling/
009N,FireLock EZ™ Style 009N Rigid Coupling,Couplings,,"Style 009N. Angled bolt pad provides rigidity. Sizes from 1¼ - 12"" | DN32 - DN300. Pressures up to 365 psi | 2517 kPa | 25 bar",https://www.victaulic.com/products/style-009n-firelock-ez-rigid-coupling/
177N,QuickVic™ Style 177N Flexible Coupling,Couplings,,"Style 177N. Sizes from 2 - 8"" | DN50 - DN200. Pressures up to 1000 psi | 6895 kPa | 69 bar. Optional galvanized coating",https://www.victaulic.com/products/style-177n-quickvic-flexible-coupling/
171,Installation-Ready™ Style 171 Flexible Composite Coupling,Couplings,,Style 171. For use where corrosive conditions exist. Designed for use on reverse osmosis systems. For use on roll/cut grooved PVC,https://www.victaulic.com/products/style-171-flexible-composite-coupling/
109,FireLock™ Installation-Ready™ Style 109 One-Bolt Rigid Coupling,Couplings,,"Style 109. Added confidence of single pad to pad visual confirmation. Sizes from 1 1/4 - 2 1/2"" | DN32 - 73.00 mm. Pressures up to 365 psi | 2517 kPa | 25 bar",https://www.victaulic.com/products/style-109-firelock-installation-ready-one-bolt-rigid-coupling/
968-F,Series 968-F Strainer,Fire Protection,,Victaulic Series 968-F | Bermad Model BC-70F-P (Ductile iron body) – Pressure up to 400 psi | 2758 kPa |28 bar. Also available: Victaulic Series 968-F-SS (Stainless steel body) – Pressure up to 400 psi | 2758 kPa |28 bar. Also available: Victaulic Series 969-F | Bermad Model BC-80F-P – Pressur,https://www.victaulic.com/products/bermad-model-bc-80f-p-victaulic-series-969-f-strainer/
866-460,Series 866-460 Level Control Valve,Valves,,"Designed for Fire Protection applications. Hydraulically controlled, diaphragm actuated valve that controls reservoir filling to maintain constant water level, regardless of fluctuating demand. Globe valve body (Series 800E)",https://www.victaulic.com/products/series-866-460-level-control-valve/
866-465,Series 866-465 Level Control Valve,Valves,,"Designed for Fire Protection applications. Hydraulically controlled, diaphragm actuated valve that controls reservoir filling in response to electric float switch signals. Globe valve body (Series 800E)",https://www.victaulic.com/products/series-866-465-level-control-valve/
866-482,Series 866-482 Level Control Valve,Valves,,"Designed for Fire Protection applications. Hydraulically controlled, diaphragm actuated valve that shuts off at a pre-set reservoir full level and opens in response to a sensor in the 3-way altitude pilot mounted on the main valve. Globe valve body (Series 800E)",https://www.victaulic.com/products/series-866-482-level-control-valve/
866-466,Series 866-466 Level Control Valve,Valves,,"Designed for Fire Protection applications. Hydraulically controlled, diaphragm actuated control valve that controls reservoir filling in response to a hydraulic on-off float pressure commands. Globe valve body (Series 800E)",https://www.victaulic.com/products/series-866-466-level-control-valve/
PC3110,PC3110 Cut & Mark Tool,Fire Protection,,Cut and marks ½ - 2”/DN15 - DN50 Schedules 10 through 80 carbon steel pipe. Knurled markings on pipe display clear insertion depth for proper coupling/fitting installation First mark: Proper insertion depth for ½ - 1 ¼”/DN15 - DN25 couplings and fittings Second mark: Proper insertion,https://www.victaulic.com/products/pc3110-cut-mark-tool/
RG3600,RG3600 StrengThin™ 100 Roll Grooving Tool,Fire Protection,,"Portable light-weight field roll grooving tool. Supplied with StrengThin™ 100 roll sets. Regional availability, contact Victaulic for details",https://www.victaulic.com/products/model-rg3600-strengthin-100-roll-groover/
VG824,VG824 Cut Grooving Tools,Fire Protection,,VG824 produces a single OGS cut groove for unlined piping systems. VG824-ABR produces a single OGS cut groove that allows for lining of the pipe for abrasive services. VG824DG produced a double OGS cut groove for high-pressure piping systems in conjunction with installing 8 – 12”|DN200 – DN300,https://www.victaulic.com/products/vg824-cut-grooving-tools/
VG828,VG828 Cut Grooving Tool,Fire Protection,,"VG828 will produce a single AGS™ cut groove. The VG828 is designed to be driven by the Power Mule II. Drive Requirements: External drive, min. 1½ hp | 1.12 kw",https://www.victaulic.com/products/style-vg828-vic-adjustable-cut-grooving-tool/
,Vic™-Tap II Hole Cutting Tool,Fire Protection,,"Hole cutting tool including Style 931 Vic-Tap II Mechanical-T unit for tapping into steel pipe systems under pressure up to 500 psi | 3447 kPa | 34 bar. Hole size 2 3/8""| 60.5 mm. Power Requirements: 115 volt, single phase, 60 hertz, 7.5 amp",https://www.victaulic.com/products/vic-tap-ii-hole-cutting-tool/
VE26,VE26 Roll Grooving Tool,Fire Protection,,Tool is manually operated using the supplied crank. Enhanced tracking rolls allow bi-directional grooving. Optional power drive adapter kit available to alternately groove pipe using a Ridgid® 300 power drive or VPD752,https://www.victaulic.com/products/style-ve26-vic-easy-field-roll-grooving-tool/
VE268,VE268 Roll Grooving Tool,Fire Protection,,"The fully-motorized, semi-automatic, electrohydraulic tool comes complete with safety guards and safety foot switch. Equipped with a unique pivot arm design, making roll changes quick and easy, without removing shafts. Enhanced tracking rolls help to keep the pipe on the tool during the roll groovin",https://www.victaulic.com/products/style-ve268-vic-easy-shop-roll-grooving-tool/
VE460,VE460 Roll Grooving Tool,Fire Protection,,"The fully-motorized, semi-automatic, electrohydraulic tool comes complete with safety guards and safety foot switch. Enhanced tracking rolls help to keep the pipe on the tool during the roll grooving process. Support bases are required to groove pipe sizes 26""| DN650 and larger. Each support base is",https://www.victaulic.com/products/style-ve460-vic-easy-shop-roll-grooving-tool/
VG26,VG26/VG28 Cut Grooving Tool,Fire Protection,,VG28GD produces a single OGS cut groove for unlined piping systems.. VG28GD-ABR produces a single OGS cut groove that allows for lining of the pipe for abrasive services. VG26GD-COR produces a single cut groove in preparation for being rubber lined and machined for abrasion and corrosion resistance,https://www.victaulic.com/products/vg26-vg28-cut-grooving-tools/
,VE414MC Roll Grooving Tool,Fire Protection,,"The fully-motorized, semi-automatic, electrohydraulic tool comes complete with safety guards and safety foot switch. Roll changes are quick and easy, without removing shafts. Enhanced tracking rolls help to keep the pipe on the tool during the roll grooving process",https://www.victaulic.com/products/style-ve414mc-vic-easy-shop-roll-grooving-tool/
VE106,VE106/VE107 Roll Grooving Tool,Fire Protection,,"Mobile light-duty roll grooving tool with an integral motor/drive unit mounted to portable hand truck. Reduces pipe handling by allowing the tool to be wheeled directly to the pipe preparation site. 3/8""| 9.5 mm square ratchet drive for operation (standard)",https://www.victaulic.com/products/style-ve106ve107-vic-easy-field-roll-grooving-tool/
CG1100,CG1100 Cut Grooving Tool,Fire Protection,,"2 - 12""/DN50 - DN300. Portable light weight field or shop fabrication tool. Designed to provide a radius PGS-300 cut groove in Schedule 40 - 80 CPVC/PVC pipe",https://www.victaulic.com/products/cg1100-cut-grooving-tool-cpvcpvc-pipe/
VG412,VG412 Orbital Cut Grooving Tool,Fire Protection,,Specifically designed for field closure pieces (not suitable for production grooving). External mounting and drive action is particularly suited to cement lined ductile iron pipe grooving. Hinged frame design allows cutting at any point along the pipeline,https://www.victaulic.com/products/style-vg412-orbital-cut-grooving-tool/
,VE436MC Tool Conversion Kit,Fire Protection,,Allows for ease of upper roll set change,https://www.victaulic.com/products/style-ve436mc-vic-easy-tool-conversion-kit/
,VE450FSD Roll Grooving Tool,Fire Protection,,"The VE450FSD is designed for field production grooving and not continuous fabrication shop production grooving. Enhanced tracking rolls help to keep the pipe on the tool during the roll grooving process, and quickly change upper roll design. Lifting point to move the tool using a crane",https://www.victaulic.com/products/style-ve450fsd-vic-easy-field-roll-grooving-tool/
,VCT2 Automatic Pipe Cut-Off Tool,Fire Protection,,"Rotation is powered by a small 120 VAC motor with SCR remote control. Unique distributor design has stainless steel insert which extends tip life, eases cleaning and reduces backfire. Wall thickness: 0.065 - 0.500""| 1.65 - 12.7 mm (with tips supplied)",https://www.victaulic.com/products/style-vct2-pipe-cut-off-tool/
,VCT1 Manual Pipe Cut-Off Tool,Fire Protection,,"Lightweight and portable pipe cut-off tool handles 4 - 24""| DN100 - DN600 pipe, up to 0.5""| 12.7 mm thick. Worm gear drive crank handle provides smooth, manual travel, easy control, and accurate cutting. Wall thickness: 0.065 - 0.500""| 1.65 - 12.7 mm (with tips supplied)",https://www.victaulic.com/products/style-vct1-pipe-cut-off-tool/
,HCT908 Hole Cutting Tool,Fire Protection,,"One-piece hole cutting tool designed to cut holes up to 2 3/4""| DN120 in carbon and stainless steel pipe; for pipe sizes up to 8"" | DN200. Allows use of various Victaulic outlets. Power Requirements: 110 volt, single phase, 60 hertz, 7 amp",https://www.victaulic.com/products/style-hct908-hole-cutting-tool/
,CTH-02 Large 25-Ton Hydraulic Tool,Fire Protection,,Eases installation of Victaulic bolted split sleeve couplings. This tool is specifically designed for high pressure coupling assembly,https://www.victaulic.com/products/style-cth-02-hydraulic-assembly-closure-tool/
,RG5200i Intelligent Roll Grooving Tool,Fire Protection,,"Fully-automated, hydraulic shop tool is shipped fully assembled with proximity scanner, control stand and rolls for standard grooving (4 – 24” | DN100 – DN600) Schedule 10 – 40 pipe. Enhanced tracking rolls help to keep the pipe on the tool during the roll grooving process. Tool ships with 4",https://www.victaulic.com/products/rg5200i-intelligent-roll-grooving-tool/
,CTH-01 Small 10-Ton Hydraulic Tool,Fire Protection,,Eases installation of all styles of Victaulic bolted split sleeve couplings,https://www.victaulic.com/products/style-cth-01-hydraulic-assembly-closure-tool/
,Victaulic Aquamine™ APG Grooving Tool,Fire Protection,,"PVC 1120 Type 1, grade 1 (class 12454) conforming to ASTM D-1784 and ASTM D-2241. Sizes from 2 - 12"" | 50 - 300 mm. Pressures up to 350 psi | 2413 kPa | 24 bar",https://www.victaulic.com/products/2009/
,Power Mule II Tool Power Drive,Fire Protection,,"Ideal for driving individual Victaulic® cut grooving tools. Heavy-duty, two wheeled unit drives Victaulic cut grooving tools at the speed/power necessary for accurate grooving. Rotating head for horizontal and vertical applications",https://www.victaulic.com/products/mule-ii-vic-easy-tool-power-drive/
,HCT904 Hole Cutting Tool,Fire Protection,,"One piece hole cutting tool designed to cut holes up to 2 3/4""| DN70 carbon and stainless steel pipe with OD up to 8"" | DN200. Allows for use of Mechanical-T, Vic-Let, and Vic-O-Well outlets. Tool is available only in Europe",https://www.victaulic.com/products/style-hct904-hole-cutting-tool/
VE226,VE226 Power Drive Kit,Fire Protection,,Kit for connecting a VE226 roll grooving tool to a Ridgid® 700 Power Drive. Weight: 75 lbs. | 34 kg,https://www.victaulic.com/products/style-ve226-vic-easy-power-drive-kit/
PT100A,"PT100A, PT101, PT102A Pipe Diameter Tapes",Fire Protection,,"Go/No-Go pocket-sized steel tapes for taking circumferential measurements, marked in 1/100ths of an inch increments. Go/No-Go side can be used to check cut or roll grooved pipe for conformance to Victaulic grooved pipe specifications. Tapes notched on the lead end to allow proper overlap within the",https://www.victaulic.com/products/style-pt100a-pipe-diameter-tape/
,RG1 Manual Roll Grooving Tool,Fire Protection,,"Roll grooves 1""|DN25 carbon steel pipe. Designed to provide a Victaulic IGS™ groove in Schedule 10 carbon steel pipe. Tool is manually operated using the supplied handle",https://www.victaulic.com/products/rg1-manual-roll-grooving-tool/
RG2910,RG2910 Roll Grooving Tool,Fire Protection,,"RG2910 Roll Grooving Tool | Forms a 1"" | DN25 IGS™ groove. Fast, mess-free solution eliminating the need for threading.",https://www.victaulic.com/products/rg2910-roll-grooving-tool/
FL-QR,FireLock™ Series FL-QR/DRY/VSW Sprinklers,Sprinklers,,"FireLock™ Series FL-QR/DRY/VSW Sprinklers: V5643, K5.6 | 8.1 SI, V8143, K8.0 | 11.5 SI",https://www.victaulic.com/products/firelock-series-fl-qr-dry-vsw-sprinkler/
FL-SR,FireLock™ Series FL-SR/DRY/VSW Sprinklers,Sprinklers,,"FireLock™ Series FL-SR/DRY/VSW Sprinklers: V5687, K5.6 | 8.1 SI, V8187, K8.0 | 11.5 SI",https://www.victaulic.com/products/firelock-series-fl-sr-dry-vsw-sprinklers/
465,Series 465 MTS Plug Valve,Valves,,"Typically used in reverse osmosis desalination plants for on/off and control services. Available without operator or with manual, pneumatic, hydraulic and electric actuators. Features grooved ends for installation in either StrengThin Systems or OGS",https://www.victaulic.com/products/series-465-mts-plug-valve/
ABBA,VicFlex™ Style ABBA Bracket,Fire Protection,,"Style ABBA. Designed for pendent and sidewall applications, allowing for a flexible hose connection from the branch line to the sprinkler head. Universal square bar nominal length of 14"" | 355.6mm, designed to work down to 4"" | 101.6mm clearance from face of ceiling. Regionally available, contact Victaulic fo",https://www.victaulic.com/products/vicflex-style-abba-bracket/
AB5,VicFlex™ Style AB5 Bracket,Fire Protection,,Style AB5. Optimized for Wood and Metal Studs. No screws for metal studs; one-screw per side for wood studs. In-room elevation center bracket allows vertical adjustment without breaking the ceiling plane,https://www.victaulic.com/products/vicflex-style-ab5-bracket/
AB3,VicFlex™ Style AB3 Bracket – Surface Mount,Fire Protection,,"Style AB3. One-piece bracket, for institutional applications. Up to 10× faster than threaded black pipe, eliminate messy cutting tools. Reducer nipples sizes 5.75"" | 140 mm, 9.0"" | 230 mm, and 13"" | 330 mm",https://www.victaulic.com/products/style-ab3-vicflex-bracket-surface-mount/
AB4,VicFlex™ Style AB4 Bracket – Hat Channel,Fire Protection,,"Style AB4. One-piece bracket, for hard-lid ceilings with hat furring channel grid system. Up to 10× faster than threaded black pipe, eliminate messy cutting tools. In-room elevation center bracket allows vertical adjustment without breaking the ceiling plane",https://www.victaulic.com/products/style-ab4-vicflex-bracket-hat-channel/
AB7,VicFlex™ Style AB7 Bracket,Fire Protection,,"Style AB7 bracket. One-piece bracket, for suspended or hard-lid ceilings. Up to 10× faster than threaded black pipe, eliminate messy cutting tools. Sizes 24"" | 610 mm and 48"" | 1219 mm",https://www.victaulic.com/products/vicflex-style-ab7-bracket/
AB12,VicFlex™ Style AB12 Bracket,Fire Protection,,"Style AB12. Designed to work from 36"" | 914mm down to 4"" | 100mm clearance from face of ceiling. Allows installation before ceiling tile, eliminate messy cutting tools. Standardized opening accepts 3/8""/M10 standard threaded rod",https://www.victaulic.com/products/vicflex-style-ab12-bracket/
AB6,VicFlex™ Style AB6 Assembly – Cold Storage,Fire Protection,,"Style AB6. Dry Sprinklers Available: V33, V36 or V40. Hoses Available: Series AH2-CC, Series AH2. Cold storage applications",https://www.victaulic.com/products/vicflex-style-ab6-bracket-cold-storage/
L07,Style L07 Cast Carbon Steel Rigid Coupling,Couplings,,Style L07. Angled bolt pad housing design provides rigidity. Sizes from 2 - 12” | DN50 - DN300. Pressures up to 750 psi | 5171 kPa | 52 bar,https://www.victaulic.com/products/style-l07-rigid-couplings-for-carbon-steel-2/
W710,Series W710 AGS Double Eccentric Butterfly Valve (Asia Pacific Only),Valves,,Series W710 AGS Double Eccentric Butterfly Valve | Sizes from 14 – 24” / DN350 – DN600,https://www.victaulic.com/products/series-w710-ags-double-eccentric-butterfly-valve/
726,Series 726 Ball Valve,Valves,,"High pressure standard port ball valve with grooved ends. Available without handle, with a lever operator or a gear operator. Sizes from 1½ - 6"" | 40 - 150 mm",https://www.victaulic.com/products/series-726-ball-valve/
AB10,VicFlex™ Style AB10 Bracket – Armstrong® Tech Zone™,Fire Protection,,"Style AB10. One-piece bracket, for Armstrong® TechZone™ ceilings. Eliminate messy cutting tools. Sizes 6"" | 150 mm",https://www.victaulic.com/products/vicflex-style-ab10-bracket/
AH1,VicFlex™ Series AH1 Braided Hose,Fire Protection,,"Up to 10× faster than threaded black pipe, 100% kink resistant. Minimum bend radius: cULus 3"" | 76 mm, FM 7"" | 178 mm, VdS 3"" | 76 mm. Sizes from 31 - 72"" | 790 - 1830 mm",https://www.victaulic.com/products/vicflex-series-ah1-braided-hose/
AH2-CC,VicFlex™ Series AH2-CC Braided Hose,Fire Protection,,"Patented captured coupling technology; allows fast, safe installation and pad to pad visual confirmation. Tightest bends available; 100% kink resistant. Minimum bend radius: cULus 2"" | 51 mm, FM 7"" | 178 mm, VdS/LPCB 3"" | 76.2 mm",https://www.victaulic.com/products/vicflex-series-ah2-cc-braided-hose/
AH2-300,VicFlex™ Series AH2-300 Braided Hose,Fire Protection,,"High pressure hose; 100% Victaulic design and manufacturing. Up to 10× faster than threaded black pipe, 100% kink resistant. Minimum bend radius: FM 8"" | 200 mm",https://www.victaulic.com/products/vicflex-series-ah2-300-braided-hose/
ABMM,VicFlex™ Style ABMM Bracket,Fire Protection,,"Style ABMM. Designed for surface mount and stand off-mount applications, wood, metal and block walls or ceilings, and hard-lid ceilings. Regionally available, contact Victaulic for details",https://www.victaulic.com/products/vicflex-style-abmm-bracket/
AH1-CC,VICFLEX™ SERIES AH1-CC BRAIDED HOSE,Fire Protection,,"Patented captured coupling technology; allows fast, safe installation and pad to pad visual confirmation. Up to 10× faster than threaded black pipe, 100% kink resistant. Minimum bend radius: cULus - 3″ | 76 mm, FM - 7″ | 178 mm, VdS - 3″ | 76 mm",https://www.victaulic.com/products/vicflex-series-ah1-cc-braided-hose/
726D,Series 726D Super Duplex Ball Valve,Valves,,"High pressure super duplex stainless steel standard port ball valve with grooved ends. Sizes from 2 - 6"" | DN50 - DN150. Pressures up to 1200 psi | 8274 kPa | 83 bar",https://www.victaulic.com/products/series-726d-ball-super-duplex-valve/
FL-SR,FireLock™ Series FL-SR/ST/INT Sprinklers,Sprinklers,,"Upright with Shield: V2721, K5.6 | 8.1 SI V3417, K8.0 | 11.5 SI V3429, K11.2 | 16.1 SI Upright: […]",https://www.victaulic.com/products/firelock-series-fl-sr-st-int-sprinklers/
FL-SA,FireLock™ Series FL-SA/BB Attic Sprinklers,Sprinklers,,"FireLock™ Series FL-SA/BB Attic Sprinklers: V8122, K8.0 | 11.5 SI, V8123, K8.0 | 11.5 SI, V8124, K8.0 | 11.5 SI | Back-to-Back Attic Protection Scheme",https://www.victaulic.com/products/firelock-series-fl-sa-bb-sprinklers/
E155,StrengThin™ 100 E155 Expansion Joint,Couplings,,"Style E155. Designed for thin wall stainless steel pipe. Style E155 expansion joints are rated to the working pressure of the coupling used. Sizes from 2 - 12"" | DN50 - DN300",https://www.victaulic.com/products/style-e155-strengthin-100-expansion-joint/
E431,StrengThin™ 100 E431 Suction Diffuser,Fire Protection,,"Allows piping assembly at a 90 angle from the pump, saving valuable space in the mechanical room. Available flanged connections: PN10/PN16.",https://www.victaulic.com/products/series-e431-strengthin-100-suction-diffuser/
UTD,Series UTD Universal Test and Drain,Fire Protection,,"Test Orifice K-Factor and Connections per Size: 1″ | DN25 – K2.8 (4.0 SI), NPT/IGS™ 1 1/4″ | DN32 […]",https://www.victaulic.com/products/series-utd-universal-test-and-drain/
713,Series 713 Swing Check Valve,Valves,,"High pressure Check valve designed for use with Victaulic grooved fittings and couplings for fast installation on inlet and outlet ports.. Sizes from 2 - 4"" | DN50 - DN100. Pressures up to 1000 psi | 6895 kPa | 69 bar for 2"" | DN50 and 750 psi | 5171 kPa | 52 bar for 2½ - 4"" | DN63 - DN100",https://www.victaulic.com/products/series-713-swing-check-valve/
UMC,Series UMC Universal Manifold Check Assembly,Valves,,"Straight out of the box, the unit integrates all necessary pre-mounted components: control valve, check valve, flow switch, test drain, pressure relief kit and gauges.. Sizes from 1¼ – 8″ | DN32 – DN200. Pressures up to 300 psi | 2068 kPa | 20.6 bar",https://www.victaulic.com/products/series-umc-universal-manifold-check-assembly/
771M,Series 771M OS&Y Gate Valve,Valves,,"Available as Groove × Groove or Groove × Flange. Used for on/off service only. Sizes from 2½ - 12"" | DN65 - DN300",https://www.victaulic.com/products/series-771m-osy-gate-valve/
727,Series 727 Ball Valve,Valves,,"High-pressure, enhanced port, NACE-compliant ball valve. Up to 1/3 better flow than competitive standard port ball valves. Floating ball reduces torque requirements",https://www.victaulic.com/products/series-727-ball-valve/
2957,Aquamine™ Series 2957 Butterfly Valve,Valves,,Aquamine™ Series 2957 Butterfly Valve is designed for bi-directional service to full working pressure.,https://www.victaulic.com/products/series-2957-aquamine-butterfly-valve/
VE872,VE872 Roll Grooving Tool,Fire Protection,,"The fully-motorized, semi-automatic, electrohydraulic tool comes complete with safety guards and safety foot switch.",https://www.victaulic.com/products/style-ve872-roll-grooving-tool/
FL-SR,FireLock™ Series FL-SR/ST Sprinklers,Sprinklers,,"V3403, K11.2 | 16.1 SI, Upright V3407, K11.2 | 16.1 SI, Pendent",https://www.victaulic.com/products/firelock-series-fl-r-st-sprinklers/
FL-RES,FireLock™ Series FL-RES Sprinklers,Sprinklers,,"FireLock™ Series FL-RES Sprinklers: V3010, K3.0 | 4.3 SI, V2740, K4.9 | 7.1 SI, V5610, K5.6 | 8.1 SI, V3426, K6.9 | 9.9 SI",https://www.victaulic.com/products/firelock-series-fl-res-sprinklers/
FL-SR,FireLock™ Series FL-SR/EUR Sprinklers,Sprinklers,,"V2727, K5.6 | 8.1 SI V3423, K8.0 | 11.5 SI",https://www.victaulic.com/products/firelock-series-fl-sr-eur-sprinklers/
FL-QR,FireLock™ Series FL-QR/DRY/C Sprinklers,Sprinklers,,FireLock™ Series FL-QR/DRY/C. Light | Ordinary. K5.6 | S.I.8.1,https://www.victaulic.com/products/firelock-model-v3302/
FL-SR,FireLock™ Series FL-SR/DRY/C Sprinklers,Sprinklers,,FireLock™ Series FL-SR/DRY/C. Light | Ordinary. K5.6 | S.I.8.1,https://www.victaulic.com/products/firelock-model-v3301/
FL-SR,FireLock™ Series FL-SR/DRY/SW Sprinklers,Sprinklers,,FireLock™ Series FL-SR/DRY/SW. Light Hazard. K5.6 | S.I.8.1,https://www.victaulic.com/products/firelock-model-v3609/
372,Series 372 Non Rising Stem (NRS) Gate Valve,Valves,,Series 372 Non Rising Stem (NRS). Available Sizes: 2 ½” - 16” IPS. Pressure Class: 250 psi /1725 kPa /17 Bar. Operating Temperature: -20°F to + 180°F/-29°C to +82°C,https://www.victaulic.com/products/series-372-non-rising-stem-nrs-gate-valve/
2930,Aquamine™ Series 2930 Outlet Coupling,Couplings,,"Series 2930. Sizes from 2 - 12"" | DN50 - DN300. Pressures up to 350 psi | 2413 kPa | 24 bar",https://www.victaulic.com/products/series-2930-aquamine-outlet-coupling/
,"Aquamine™ Styles 2937, 2938 & 2939 Formed Outlet Coupling",Couplings,,"Styles 2937, 2938 & 2939. Sizes from 2 - 12"" | DN50 - DN300. Pressures up to 350 psi | 2413 kPa | 24 bar",https://www.victaulic.com/products/styles-2937-2938-2939-aquamine-formed-outlet-coupling/
,CTM-02 Large Manual Tool,Fire Protection,,CTM-02 Large Manual Tool eases installation of most styles of Victaulic bolted split sleeve couplings.,https://www.victaulic.com/products/style-ctm-02-manual-assembly-closure-tool/
,AGS Full Flow Fittings with Vic-Rings,Fittings,,"AGS™ Full Flow Fittings with Vic-Rings | Sizes from 14 - 60"" | DN350 - DN1500. Fitting pressure ratings are equivalent to the Victaulic AGS™ coupling used to install them. Grooved ends eliminate pipe end preparation for the fittings",https://www.victaulic.com/products/ags-full-flow-fittings-with-vic-rings/
,AGS Grooved Fittings,Fittings,,"AGS™ Grooved Fittings | Sizes from 14 - 60"" | DN350 - DN1500. Fitting pressure ratings are equivalent to the Victaulic AGS™ coupling used to install them. Grooved ends eliminate pipe end preparation for the fittings",https://www.victaulic.com/products/ags-grooved-fittings/
W715,AGS Series W715 Double Disc Check Valve,Valves,,"Utilizes a spring-assisted, double disc design that achieves drop tight sealing. Can be installed in both horizontal or vertical flow up positions. Sizes from 14 - 24"" | DN350 -DN600",https://www.victaulic.com/products/series-w715-ags-vic-check-double-disc-valve/
W730,AGS Series W730 Tee Type Strainer,Fittings,,"Lighter than flanged wye-type strainers and provides straight-through flow for lower pressure drop. Sizes from 14 - 24"" | DN350 - DN600. Pressures up to 300 psi | 2068 kPa | 21 bar",https://www.victaulic.com/products/series-w730-ags-tee-type-strainer/
W731-D,AGS Series W731-D Suction Diffuser,Fire Protection,,"Allows building up at a 90° angle from the pump saving valuable space in the mechanical room while still protecting the pump against cavitation. Flanges may be machined to match most global (ANSI, DIN, GB, JIS, and AS-E) flange bolt hole patterns within the diffuser pressure rating. Sizes from 14 -",https://www.victaulic.com/products/series-w731-d-ags-suction-diffuser/
W732,AGS Series W732 Wye Type Strainer,Fire Protection,,"Provides straight-through flow for lower pressure drop. Sizes from 14 - 18"" | DN350 - DN450. Pressures up to 300 psi | 2068 kPa | 21 bar",https://www.victaulic.com/products/series-w732-ags-wye-type-strainer/
W155,AGS Style W155 Expansion Joint,Couplings,,"Style W155. Combination of Style W77 couplings and short nipples, joined in tandem to provide increased expansion. Sizes from 14 - 24"" | DN350 - DN600",https://www.victaulic.com/products/style-w155-ags-expansion-joint/
W256,AGS Style W256 Expansion Barrel,Fire Protection,,"Style W256. Designed for water and/or slurry services. For piping systems from 24 - 42"" | DN600 - DN1050. Provides up to 42"" | 1067 mm of in-line movement",https://www.victaulic.com/products/style-w256-ags-expansion-barrel/
769,FireLock NXT™ Series 769 Deluge Valve,Valves,,"Available bare, pretrimmed, as a Vic-Quick riser or in a Series 745 FireLock Fire-Pac cabinet. Sizes from 1½ - 8"" | DN40 - DN200. Pressures up to 300 psi | 2068 kPa | 21 bar",https://www.victaulic.com/products/series-769-firelock-nxt-deluge-system-check-valve/
FL-RES,FireLock™ Series FL-RES/DC Sprinklers,Sprinklers,,"V2742, K4.9 | 7.1 SI",https://www.victaulic.com/products/firelock-series-fl-res-dc-sprinkler/
869Y-2D,Series 869Y-2D Electrically Operated Remote Operation On/Off Deluge Valve,Valves,,Series 869Y-2D. Low-flow stability without an anti-cavitation accessory. Fully supported and reinforced diaphragm. No obstructions in the flow path,https://www.victaulic.com/products/869y-3d-electrically-operated-remote-operation-onoff-deluge-valve-for-fire-protection/
7C7,Series 7C7 Air Maintenance/Compressor Assembly,Fire Protection,,"Features riser mounted compressor, Series 757P air maintenance device, and flexible hoses for installation.",https://www.victaulic.com/products/air-maintenance-compressor-assembly-series-7c7/
972,Series 972 Pressure Reducing Valve,Valves,,Victaulic Series 972 | Bermad Model BC-720-P (Ductile iron body). Also available: Victaulic Series 972-SS (Stainless steel body). Sizes from 1 ½ - 8” | DN40 - DN200,https://www.victaulic.com/products/bermad-720-victaulic-972-pressure-reducing-valve/
,FireLock™ Installation-Ready™ Grooved Fittings,Fittings,,Convenience of a one-piece fitting with the dependability of the FireLock EZ Style 009N Rigid Coupling. Up to 4 times faster to install than traditional couplings and fittings. Up to 10 times faster to install than threading,https://www.victaulic.com/products/firelock-installation-ready-fittings/
004N,FireLock™ Installation-Ready™ Style 004N Flexible Coupling (US and Latin America Only),Couplings,,Firelock™ Installation-Ready™ Style 004N Flexible Coupling. The first Installation-Ready flexible coupling for fire protection.,https://www.victaulic.com/products/firelock-installation-ready-style-004n-flexible-coupling/
,StrengThin™ 100 Fittings for Thin Wall Stainless Steel,Fittings,,"Sizes from 2 - 12"" | DN50 - DN300. Fitting pressure ratings are equivalent to the coupling joint pressure rating of the Victaulic StrengThin™ 100 coupling used to install them. Designed for thin wall stainless steel pipe",https://www.victaulic.com/products/grooved-strengthin-100-fittings-for-thin-wall-stainless-steel/
622,Style 622 Mechanical-T Bolted Branch Outlet & Cross Assembly for Copper Tubing,Fire Protection,,"Style 622. Provides a direct branch connection at any location on K, L, and M copper tubing. Available for joining CTS copper tube. Sizes from 2½ - 4″ | DN65 - DN100",https://www.victaulic.com/products/mechanical-t-outlet-for-copper/
A190,No. A190 Carbon Steel Riser Movement Fitting,Fittings,,"For use on carbon steel NPS riser piping branch lines to accommodate movement of the riser. Provides 0.75"" deflection (up & down) within a 24"" shaft space.",https://www.victaulic.com/products/no-a190-carbon-steel-riser-movement-fitting/
A191,No. A191 Carbon Steel Anchor Outlet Fitting,Fittings,,For use on carbon steel NPS riser piping. Integrates an anchor to direct pipe movement. Provides branch line connection.,https://www.victaulic.com/products/no-a191-carbon-steel-anchor-outlet-fitting/
,QuickVic™ SD Installation-Ready™ System,Fire Protection,,Most economical and efficient pipe joining solution for Schedules 10 through 80 carbon steel piping systems sized 2”/DN50 and down. Style P07 Installation-Ready™ Coupling. Style P08 Installation-Ready™ Slip Coupling.,https://www.victaulic.com/products/quickvic-sd-installation-ready-system/
,Rigid and Flexible AGS Long Run Fittings,Fittings,,"One-piece manufactured long run fittings for mechanical room and distribution piping applications. Sizes from 14 - 24"" | DN350 - DN600.",https://www.victaulic.com/products/rigid-and-flexible-ags-long-run-fittings/
,Schedule 80 3D Long Radius Cast Ductile Iron Elbows,Fittings,,"Provides change in direction supplied with Victaulic EndSeal™ (ES) grooves. Available 3D radius in 90°, 45°, 22 ½°, 11 ¼° and 6° elbows.",https://www.victaulic.com/products/schedule-80-3d-long-radius-cast-ductile-iron-elbows/
159,Series 159 Flexible Loop for Steam,Fire Protection,,"Sizes from 2 – 8"" | DN50 – DN200. Steam & non-steam applications: Pressure up to 150 psi | 1034 kPa. -20°F to +366°F | -29°C to +186°C",https://www.victaulic.com/products/series-159-flexible-loop-for-steam/
386,Series 386 Pressure Reducing Valve Stations,Valves,,"Fully integrated, ready-to-install pressure reducing valve (PRV) station. For use in potable water systems to reduce and control system pressures to specified safe levels, independent of upstream pressure and flow variations. Offered in six standard configurations (Series 386A, 386B, 386C, 386D, 386",https://www.victaulic.com/products/series-386-pressure-reducing-valve-stations/
386-SB,Series 386-SB Single Branch Pressure Reducing Valve Station,Valves,,"Ready-to-install single-branch pressure reducing station. For use in potable water systems to reduce and control system pressures to specified safe levels, independent of upstream pressure and flow variations. Typically used in tight-space installations.",https://www.victaulic.com/products/series-386-sb-single-branch-pressure-reducing-valve-station/
386-V,Series 386-V Vertical Pressure Reducing Valve Stations,Valves,,"Fully integrated, ready-to-install vertical pressure reducing valve (PRV) station. For use in potable water systems to reduce and control system pressures to specified safe levels, independent of upstream pressure and flow variations. Typically used in tight-space installations.",https://www.victaulic.com/products/series-386-v-vertical-pressure-reducing-valve-stations/
746-LPA,FireLock™ Series 746-LPA Dry Accelerator,Fire Protection,,Designed for Series 768N dry and Series 769N preaction valves in order to speed response time and/or accommodate larger system. System air pressures ranging from 13 psi | 90 kPa | 0.9 bar to 18 psi | 124 kPa | 1.2 bar. Pressures up to 300 psi | 2068 kPa | 21 bar,https://www.victaulic.com/products/series-746-lpa-firelock-dry-accelerator/
755,FireLock™ Series 755 Manual Release Panel,Fire Protection,,Operates as a manual actuating device. Contains a special quarter turn ball valve mounted in a painted steel enclosure. Pressures up to 300 psi | 2068 kPa | 21 bar,https://www.victaulic.com/products/series-755-firelock-manual-release-panel/
75B,FireLock™ Series 75B Supplemental Alarm Kit,Fire Protection,,Ensures that the mechanical alarm continues even if the clapper closes and water fills above it in the system. Pressures up to 300 psi | 2068 kPa | 21 bar,https://www.victaulic.com/products/series-75b-firelock-supplemental-alarm-kit/
760,FireLock NXT™ Series 760 Water Motor Alarm,Fire Protection,,"Mechanical, water-powered device signaling the flow of water in an automatic sprinkler system. For wall thicknesses 2 - 13"" | 51 - 330 mm. Red enamel is standard finish for the gong shell",https://www.victaulic.com/products/series-760-firelock-water-motor-alarm/
767,Series 767 Electric/Pneumatic Double Interlock Actuator,Fire Protection,,"Designed for a single trip point for the pneumatic event, regardless of water supply pressure, and an integral electric solenoid. Uses a ½"" | 15 mm NPT connection, wired for 24 VDC. Pressures up to 300 psi | 2068 kPa | 21 bar",https://www.victaulic.com/products/series-767-firelock-electricpneumatic-actuator/
769N,FireLock NXT™ Series 769N Deluge Valve,Valves,,"For use where water curtains and fast water delivery are required such as highly-flammable material storage facilities or airplane hangars. Actuation options: Series 753-E solenoid actuator, Series 776 low-pressure actuator. Available bare, pretrimmed, as a Vic-Quick riser or in a Series 745 FireLoc",https://www.victaulic.com/products/series-769n-firelock-nxt-deluge-system-check-valve/
798,FireLock NXT™ Series 798 Double Pneumatic Actuator,Fire Protection,,Designed to actuate at 7 psi | 48 kPa | 0.5 bar for both the pilot and sprinkler system. Pressures up to 300 psi | 2068 kPa | 21 bar,https://www.victaulic.com/products/series-798-firelock-double-pneumatic-actuator/
867-43T,Series 867-43T Pressure Relief Valve,Valves,,"Series 867-43T. Low-flow stability without an anti-cavitation accessory. Fully supported and reinforced diaphragm, no obstructions in the flow path.",https://www.victaulic.com/products/series-867-43t-pressure-relief-valve/
867-7UF,Series 867-7UF Pressure Relief Valve,Valves,,Designed for Fire Protection applications. Double chamber actuator provides rapid response to changing system conditions. Advanced actuator design increases operating life,https://www.victaulic.com/products/series-867-7uf-pressure-relief-valve/
E125,StrengThin™ 100 Series E125 Installation-Ready™ Butterfly Valve for Stainless Steel,Valves,,Exclusively for use on thin wall stainless steel pipe which features Victaulic’s proprietary StrengThin™ 100 groove profile.,https://www.victaulic.com/products/series-e125-strengthin-100-installation-ready-butterfly-valve-for-stainless-steel/
,QuickVic™ Grooved Fittings,Fittings,,"Grooved QuickVic™ Fittings: Compact, full-flow design optimal for use in tight spaces | Sizes from 2’’ – 12’’ I DN50 – DN300",https://www.victaulic.com/products/grooved-quickvic-fittings/
973-Q,Series 973-Q Pressure Relief Valve,Valves,,Victaulic Series 973-Q |Bermad Model BC-73Q-P – Pressure up to 250 psi | 1724 kPa | 17 bar. Also available: Victaulic Series 973-QHP – Pressure up to 400 psi | 2758 kPa |28 bar. Sizes from 1 ½ - 4” | DN40 - DN100,https://www.victaulic.com/products/bermad-73q-victaulic-973q-pressure-relief-valve/
979-4,Series 979-4 Excessive Pressure Shut-Off Valve,Valves,,Victaulic Series 979-4 |Bermad Model BC-794-P – Pressure up to 250 psi | 1724 kPa | 17 bar. Also available: Victaulic Series 979-4HP – Pressure up to 400 psi | 2758 kPa |28 bar. Sizes from 1 ½ - 8” | DN40 – DN200,https://www.victaulic.com/products/bermad-794p-victaulic-9794-excessive-pressure-shut-off-valve/
700,Bermad Series 700 | Victaulic Series 970,Fire Protection,,"Bermad Series 700. Hydraulic control valves are devices capable of controlling variables such as pressure, flow, or level. Optional configurations include: On/Off, Pressure Reducing, Pressure Relief, Pressure Sustaining, and Flow Control (Customized solutions can include combinations of the above functions).",https://www.victaulic.com/products/bermad-series-700-victaulic-series-970/
800,Bermad Series 800 | Victaulic Series 980,Fire Protection,,"Bermad Series 800. Hydraulic control valves are devices capable of controlling variables such as pressure, flow, or level. Optional configurations include: On/Off, Pressure Reducing, Pressure Relief, Pressure Sustaining, and Flow Control (Customized solutions can include combinations of the above functions).",https://www.victaulic.com/products/bermad-series-800-victaulic-series-980/
9A7,Bermad Model A71 | Victaulic Series 9A7 Air Valve,Valves,,"Automatic air release valves allow efficient release of air bubbles from pressurized pipelines. Body material: Type 316 stainless steel. Sizes from ¾ – 1"" | DN20 – DN25",https://www.victaulic.com/products/bermad-series-a71-victaulic-series-9a7/
9C3,Bermad Model C30 | Victaulic Series 9C3 Air Valve,Valves,,"Combination air release valves release air bubbles from pressurized pipelines while evacuating air during pipeline filling and draining. Body material: Glass reinforced nylon. Sizes from ¾ – 1"" | DN20 – DN25",https://www.victaulic.com/products/bermad-series-c30-victaulic-series-9c3/
935-H,Series 935-H Direct Acting Pressure Reducing Valve,Valves,,"Victaulic Series 935-H | Bermad Model BC-CAP-P. Sizes from 1/2 - 2"" | DN15 - DN50. Pressure up to 300 psi | 2038 kPa | 21 bar",https://www.victaulic.com/products/direct-acting-pressure-reducing-valve/
972-2B,Series 972-2B Pressure Reducing Valve with Low-Flow Bypass,Valves,,"Victaulic Series 972-2B | Bermad Model BC-720-2B-P. Sizes from 1/2 - 8"" | DN15 - DN200. Pressure up to 300 psi | 2038 kPa | 21 bar",https://www.victaulic.com/products/pressure-reducing-valve-low-flow-bypass/
2906,Aquamine™ Series 2906 Adapter Nipple for PVC,Fire Protection,,"Series 2906. Sizes from 2 - 12"" | DN50 - DN300. Pressures up to 350 psi | 2413 kPa | 24 bar",https://www.victaulic.com/products/series-2906-aquamine-adapter-nipple-for-pvc/
2971,Aquamine™ Series 2971 Transition Coupling for PVC to HDPE,Couplings,,"Provides convenient transition from PVC to HDPE without need for special adapters. Sizes from 2 - 8"" | DN50 - DN200. Pressures up to 350 psi | 2413 kPa | 24 bar",https://www.victaulic.com/products/series-2971-aquamine-transition-coupling-for-pvc-to-hdpe/
2972,Aquamine™ Series 2972 Transition Coupling for PVC,Couplings,,"Provides convenient transition from PVC to grooved steel without need for special adapters. Sizes from 2 - 8"" | DN50 - DN200. Pressures up to 350 psi | 2413 kPa | 24 bar",https://www.victaulic.com/products/series-2972-aquamine-transition-coupling-for-pvc/
723,Series 723 Three Port Diverter Ball Valve,Valves,,"NACE MR-01-75 compliant, three-port ball valve with common bottom inlet for diverting flow 90° left or right. Available without handle, with lever or gear operator. Available in 2"" | DN50",https://www.victaulic.com/products/series-723-three-port-diverter-ball-valve/
761,Vic-300™ MasterSeal™ Series 761 Butterfly Valve,Valves,,"Designed for bi-directional, dead end services to full working pressure. Available without handle, with gear operator, with lever lock handle and memory stop or with 10-position handle and memory stop. Sizes from 2 - 12"" |DN50 - DN300",https://www.victaulic.com/products/series-761-vic-300-masterseal-butterfly-valve/
816,Series 816 Stainless Steel Check Valve for Potable Water Applications,Valves,,"For use on stainless steel, galvanized carbon steel, and CPVC/PVC potable water piping systems only. Sizes from 2 – 12” | DN50 – DN300.",https://www.victaulic.com/products/series-816-stainless-steel-check-valve-for-potable-water-applications/
FL-SA,FireLock™ Series FL-SA/NZ Directional Nozzles,Sprinklers,,Nozzles. K1.2 - 7.2 | S.I.1.7 - 10.4. Open Spray Nozzle,https://www.victaulic.com/products/firelock-model-v1201-v1278/
869Y-2DC,"Series 869Y-2DC Electrically Operated Remote Operation On/Off, Downstream Pressure Control Deluge Valve",Valves,,Series 869Y-2DC. Low-flow stability without an anti-cavitation accessory. Fully supported and reinforced diaphragm. No obstructions in the flow path,https://www.victaulic.com/products/series-869y-3dc-electrically-operated-remote-operation-onoff-downstream-pressure-control-deluge-valve-for-fire-protection/
107V,QuickVic™ Style 107V Rigid Coupling,Couplings,,Style 107V QuickVic™ Rigid Coupling | Shift limiting slant pad provides rigidity | Sizes from 2’’ – 12’’ I DN50 – DN300,https://www.victaulic.com/products/style-107v-quickvic-rigid-coupling/
FL-QR,FireLock™ Series FL-QR Sprinklers,Sprinklers,,"FireLock™ Series FL-QR Sprinklers: Upright: V2815, V4215, V2704, V3402 | Pendent and Recessed Pendent: V2801, V4201, V2708, V3406",https://www.victaulic.com/products/firelock-series-fl-qr-sprinklers/
FL-SR,FireLock™ Series FL-SR Sprinklers,Sprinklers,,"FireLock™ Series FL-SR Sprinklers: Upright: V2861, V4261, V2703, V3401 | Pendent and Recessed Pendent: V2851, V4251, V2707, V3405",https://www.victaulic.com/products/firelock-series-fl-sr-sprinklers/
GH1,VicFlex™ Series GH1 Flexible Fitting,Fittings,,"100% Victaulic® design and manufacturingUp to 10× faster than threaded black pipe, 100% kink resistantPipe-to-pipe connection to avoid obstructions or offsetsMinimum bend radius: 2″ | 51 mmSizes from 31 – 72″ | 790 – 1830 mmPressures up to 200 psi | 1375 kPa",https://www.victaulic.com/products/vicflex-series-gh1-flexible-fitting/
,VAP131 Fabrication Cell,Fire Protection,,"Turn-key, fab-shop solution. Maximize productivity gains associated with Victaulic® grooved systems. Includes hydraulic adjustable pipe stand and tracks, tool support, two adjustable positioner tables, an assembly table, as well as caster wheels and ball transfers VAP131R VICTAULIC HYDRAULIC,",https://www.victaulic.com/products/style-vaps131-vic-easy-adjustable-pipe-stand/
722L,Series 722L Brass Body Ball Valve,Valves,,"Full port, female-threaded end valve for on/off service in potable water systems. Sizes from¼ - 2""/DN8 - DN50. Pressures up to 600 psi | 4137 kPa | 41 bar",https://www.victaulic.com/products/series-722l-brass-body-ball-valve/
926,Style 926 Mechanical-T Spigot Outlet,Fire Protection,,"Style 926. Designed to provide an outlet connection on HDPE, steel, and ductile iron pipe materials in IPS, ISO, and DIPS pipe sizes. 4"" outlets available for 10 – 32"" IPS pipe diameters. 6"" outlets available for 16 – 48"" IPS pipe diameters",https://www.victaulic.com/products/style-926-mechanical-t-spigot-outlet/
927-,FireLock™ Mechanical-T Bolted Branch Outlet Style 927- (APAC Only),Fire Protection,,Provides a direct branch connection at any location a hole can be cut in the pipe.This product is designed for fire protection systems only.,https://www.victaulic.com/products/victaulic-firelock-mechanical-t-bolted-branch-outlet-style-927-apac-only/
927,FireLock™ Mechanical-T Bolted Branch Outlet Style 927,Fire Protection,,Browse manuals and submittal forms.,https://www.victaulic.com/products/firelock-mechanical-t-bolted-branch-outlet-style-927/
861,MasterSeal™ Series 861 Vic-300™ Stainless Steel Butterfly Valve for Potable Water Applications,Valves,,"Designed for bi-directional, dead-end services to full working pressure. Sizes from 2 – 12” | DN50 – DN300. Pressures up to 300 psi | 2068 kPa | 21 bar.",https://www.victaulic.com/products/series-861-vic-300-masterseal-stainless-steel-butterfly-valve-for-potable-water-applications/
FL-SA,FireLock™ Series FL-SA/DS Attic Sprinklers,Sprinklers,,"FireLock™ Series FL-SA/DS Attic Sprinkler: V5621, K5.6 | 8.1 SI | Low Flow Attic Scheme",https://www.victaulic.com/products/firelock-series-fl-sa-ds-sprinkler/
FL-SA,FireLock™ Series FL-SA/RE Attic Sprinklers,Sprinklers,,"FireLock™ Series FL-SA/RE Attic Sprinkler: V5620, K5.6 | 8.1 SI | Low Flow Attic Scheme",https://www.victaulic.com/products/firelock-series-fl-sa-re-sprinkler/
FL-SR,FireLock™ Series FL-SR/ST/CMSA Pendent Sprinklers,Sprinklers,,"V4601, K25.2 | 36.8 SI",https://www.victaulic.com/products/firelock-series-fl-sr-st-cmsa-pendent-sprinkler/
FL-SR,FireLock™ Series FL-SR/ST/CMSA Upright Sprinklers,Sprinklers,,"V4603, K25.2 | 36.8 SI",https://www.victaulic.com/products/firelock-series-fl-sr-st-cmsa-upright-sprinkler/
A81,"Nos. A81, A82, A83 and A84 Pipe Clamp Anchors",Fire Protection,,"Engineered pipe clamp anchor can be connected to the existing concrete and steel structure to direct the piping movement and distribute the load from the piping system to the supporting structureSizes from 2 – 12""/DN50 – DN300No. A81 Long Adjustable Pipe Clamp AnchorNo. A82 Short Adjustable Pipe Clamp AnchorNo. A83 Long Fixed Pipe Clamp AnchorNo. A84 Short Fixed Pipe Clamp AnchorFor use on Schedule 40 or greater carbon steel pipeRegional availability, contact Victaulic for details",https://www.victaulic.com/products/victaulic-pipe-clamp-anchors-nos-a81-a82-a83-and-a84/
,PGS-300™ Grooved End Fittings,Fittings,,"Designed for use on chlorinated polyvinyl chloride/polyvinyl chloride (CPVC/PVC) pipe featuring the Victaulic PGS-300 groove profile. Sizes from 2 - 12""/DN50 - DN300. Refer to the submittal for maximum pressure ratings and temperature reduction factors",https://www.victaulic.com/products/pgs-300-grooved-end-fittings/
2904,Aquamine™ Series 2904 Coupling for PVC,Couplings,,"Series 2904. Sizes from 2 - 12"" | DN50 - DN300. Pressures up to 350 psi | 2413 kPa | 24 bar",https://www.victaulic.com/products/series-2904-aquamine-coupling-for-pvc/
751,FireLock™ Series 751 European Alarm Check Valve Stations,Valves,,"Prevents the reverse flow of water from the system piping to the water supply. Sizes from 1½ - 8"" | 40 - 200 mm. Pressures up to 300 psi | 2068 kPa | 21 bar",https://www.victaulic.com/products/series-751-firelock-alarm-check-valve-vds-trim/
776,FireLock NXT™ Series 776 Low Pressure Actuator,Fire Protection,,"Designed for a single trip point for the pneumatic event, regardless of water supply pressure. Comes standard on Series 768 dry, Series 769 deluge and Series 769 preaction FireLock NXT valves. Pressures up to 300 psi | 2068 kPa | 21 bar",https://www.victaulic.com/products/series-776-firelock-low-pressure-actuator/
355,PGS-300™ Style 355 Expansion Joint For CPVC/PVC Pipe,Couplings,,Style 355. Style 355 – Intended for use in non-potable water systems. Style 355P – Intended for use in potable water systems. Designed for use on chlorinated polyvinyl chloride/polyvinyl chloride (CPVC/PVC) pipe featuring the Victaulic PGS-300 groove profile,https://www.victaulic.com/products/style-355-pgs-300-expansion-joint/
RG4200,RG4200 Roll Grooving Tool,Fire Protection,,Production roll grooving tool designed for fabrication shop use Grooving Capability: Carbon Steel (Schedule 7 – 40): 1″ | […],https://www.victaulic.com/products/rg4200-roll-grooving-tool/
744,Style 744 FireLock™ Flange Adapter,Fire Protection,,"Style 744. ANSI Class 125 and 150 flanges. Sizes 2 - 8"" | 50 - 200 mm. Pressures up to 175 psi | 1207 kPa | 12 bar",https://www.victaulic.com/products/style-744-firelock-flange-adapter/
124,Installation-Ready™ Series 124 Rubber-Lined Butterfly Valve with Stainless Steel Disc,Valves,,Exclusively for use on stainless steel pipe which features ends with the Victaulic Original Groove System (OGS) groove profile.,https://www.victaulic.com/products/series-124-installation-ready-rubber-lined-butterfly-valve/
FL-SR,FireLock™ Series FL-SR/DRY Sprinklers,Sprinklers,,Series FL-SR/DRY. Light | Ordinary | Extra | Storage. K5.6 | S.I.8.1,https://www.victaulic.com/products/firelock-model-v3601/
PS3400,PS3400 Adjustable Pipe Stand,Fire Protection,,Turnstile design allows pipe to be spun around for grooving of both pipe ends without dismounting pipe from stand Forward/traverse movement,https://www.victaulic.com/products/ps3400-adjustable-pipe-stand/
W719,Series W719 Butterfly Valve,Valves,,"Valve design, materials and testing conform to the requirements of AWWA C504. 1/2 the weight of a flanged valve. Sizes from 14 - 60'' / DN350 - DN1500",https://www.victaulic.com/products/series-w719-butterfly-valve/
,Styles 743 Vic-Flange Adapter,Fire Protection,,"ANSI Class 300 flanges. Sizes from 2 - 12"" | 50 - 300 mm. Pressures up to 720 psi | 4964 kPa | 50 bar",https://www.victaulic.com/products/styles-743-vic-flange-adapter/
,FireLock™ IGS™ Installation-Ready™ Fittings,Fittings,,No. 142 Welded Outlet. NAP-1 Weld Plunger Cone. WB-1 Weld Plunger Cone,https://www.victaulic.com/products/firelock-igs-groove-system-fittings/
771P,Series 771P and Series 772P Potable Water Entry Gate Valves,Valves,,Series 771P: Provides positive shutoff and a quick visual indicator of open or closed position Series 772P: Provides remote […],https://www.victaulic.com/products/series-771p-and-series-772p-potable-water-entry-gate-valves/
RG3400,RG3400 Roll Grooving Tool,Fire Protection,,Field and shop fabrication roll grooving tool Improves the accuracy and productivity of the pipe grooving process Grooving Capability […],https://www.victaulic.com/products/rg3400-roll-grooving-tool/
RG2300,RG2300 Combo Roll Grooving Tool,Fire Protection,,In-air or power-driven roll grooving tool for 1-12″ OGS and 1″ IGS field fabrication Includes a full package of […],https://www.victaulic.com/products/rg2300-combo-roll-grooving-tool/
VS1,VicFlex™ Dry Sprinkler Series VS1,Sprinklers,,Series VS1. cULus Listed. K5.6 Commercial. Quick and Standard Response,https://www.victaulic.com/products/vicflex-dry-sprinkler-style-vs1/
W761,AGS Vic-300™ Series W761 Butterfly Valve,Valves,,"Offers an easily installed choice to cumbersome, multi-bolt wafer or lug-type flanged valves. Sizes from 14 - 24"" | DN350 - DN600. Pressures up to 300 psi | 2068 kPa | 21 bar",https://www.victaulic.com/products/ags-series-w761-vic-300-butterfly-valve/
009V,FireLock™ Installation-Ready™ Style 009V Rigid Coupling,Couplings,,US ONLY – Contact your local sales representative for availability. Designed to provide a rigid pipe joint in sprinkler […],https://www.victaulic.com/products/style-009v-firelock-installation-ready-rigid-coupling/
07,Zero-Flex™ Style 07 Rigid Coupling,Couplings,,"Style 07. Angled bolt pad provides rigidity. Sizes from 1 - 12"" | DN25 - DN300. Pressures up to 750 psi | 5171 kPa | 52 bar",https://www.victaulic.com/products/style-07-zero-flex-rigid-coupling/
77S,Style 77S Stainless Steel Type 316 Flexible Coupling,Couplings,,"Style 77S. Provides a rugged mechanical joint for grooved end stainless steel piping systems. Sizes from 8 - 18"" | DN200 - DN450. Pressures up to 300 psi | 2068 kPa | 21 bar",https://www.victaulic.com/products/style-77s-stainless-steel-type-316-flexible-coupling/
,Grooved Fittings for Copper Tubing,Fittings,,"Full-flow, standard radius copper fittings are supplied as either roll grooved wrought copper or bronze fittings. Designed for installation of copper systems. Grooved fittings available for joining CTS copper, Australian Standard copper and UK copper",https://www.victaulic.com/products/grooved-fittings-for-copper/
489,Style 489 Stainless Steel Type 316 Rigid Coupling,Couplings,,"Style 489. Greatly reduces linear or angular movement and is useful for valve connections where rigidity is required. Sizes from 1½ - 12"" | DN40 - DN300. Pressures up to 600 psi | 4137 kPa | 41 bar",https://www.victaulic.com/products/style-489-stainless-steel-type-316-rigid-coupling/
75,Style 75 Flexible Coupling,Couplings,,"Style 75. Lightweight coupling for moderate pressures. Sizes from 1 - 8"" | DN25 - DN200. Pressures up to 500 psi | 3447 kPa | 34 bar",https://www.victaulic.com/products/style-75-flexible-coupling/
77DX,Style 77DX Duplex Stainless Steel Flexible Coupling,Couplings,,"Style 77DX. Designed to provide a rugged mechanical joint for roll grooved stainless steel systems. Optional super duplex stainless steel housing. Sizes from ¾ - 6"" | DN20 - DN150",https://www.victaulic.com/products/style-77dx-duplex-stainless-steel-flexible-coupling/
89,Style 89 Rigid Coupling for Stainless Steel,Couplings,,"Style 89. Greatly reduces linear or angular movement and is useful for valve connections where rigidity is required. Galvanized coated ductile iron coupling. Sizes from 2 - 12"" | 50 - 300 mm",https://www.victaulic.com/products/style-89-rigid-coupling-for-stainless-steel/
606,Style 606 Rigid Coupling for Copper,Couplings,,"Style 606. Eliminates brazing or soldering. Available for joining European Standard (EN) and Australian Standard (AS) copper tube. Available in sizes from 2 - 6"" | DN50 - DN150",https://www.victaulic.com/products/style-606-rigid-coupling-for-copper/
,Grooved Fittings for EndSeal™ System,Fittings,,"For plastic coated pipe or high pressure rigid systems. Schedule 80 wall thickness for use with HP-70ES couplings. Fitting sizes from 2 - 6"" | DN50 - DN150",https://www.victaulic.com/products/grooved-fittings-for-endseal-schedule-80-system/
AQC-U,VicFlex™ Series AQC-U – Cleanroom,Fire Protection,,"Clean room applications. Minimum bend radius: FM 6"" | 150 mm. Sizes from 24 - 72"" | 610 - 1830 mm",https://www.victaulic.com/products/vicflex-series-aqc-u-cleanroom/
771A,Series 771A Gate Valve,Valves,,Series 771A Gate Valve. Available as Groove × Groove. Used for on/off service only. Sizes from 2½ – 12″ | DN65 – DN300,https://www.victaulic.com/products/series-771a-772a-gate-valve/
P569,Vic-Press™ Series P569 Ball Valve for Type 316 Sch. 10S,Valves,,"Three-piece, swing-out design permits easy in-line maintenance.. Sizes from ½ - 2"" | DN15 - DN50. Pressures up to 400 psi | 2758 kPa | 21 bar",https://www.victaulic.com/products/style-p569-vic-press-ball-valve-for-type-316-sch-10s/
905,Style 905 Coupling for HDPE,Couplings,,"Style 905. Designed for plain end HDPE pipe (SDR 7 - SDR 26). Sizes from 2 - 14"" IPS and 63 - 355 mm ISO. Pressure rating meets or exceeds the performance capabilities of the pipe",https://www.victaulic.com/products/style-905-coupling-plain-end-hdpe-pipe/
908,Style 908 Coupling for HDPE,Couplings,,"Style 908. Sizes from 16-36"" IPS; larger sizes available upon request. Designed for double grooved HDPE (SDR 7 - SDR 21). For sizes above 36"" or 900 mm, Contact Victaulic for details",https://www.victaulic.com/products/style-908-coupling-double-grooved-hdpe-pipe/
250-S,Series 250-S Butterfly Valve for Stainless Steel Pipe,Valves,,"For use on commercial stainless steel piping systems, including potable water, technology cooling, chilled, heating and condenser water, water […]",https://www.victaulic.com/products/series-250-s-butterfly-valve-for-stainless-steel-pipe/
P507,Vic-Press™ Style P507 Coupling for Type 316 Sch. 10S,Couplings,,"Style P507. Fast, easy, reliable way to join small diameter Schedule 5S or 10S Type 316/316L stainless steel. Meet ASME requirements for ANSI Class 150 systems. Sizes from DN15 - DN50 | ½ - 2""",https://www.victaulic.com/products/style-p507-vic-press-coupling-for-type-316-sch-10s/
P508,Vic-Press™ Style P508 Slip Coupling for Type 316 Sch. 10S,Couplings,,"Style P508. Fast, easy, reliable way to join small diameter Schedule 5S or 10S Type 316/316L stainless steel. Meet ASME requirements for ANSI Class 150 systems. Sizes from DN15 - DN50 | ½ - 2""",https://www.victaulic.com/products/style-p508-vic-press-slip-coupling-for-type-316-sch-10s/
717,FireLock™ Series 717 Check Valve,Valves,,"Features an elastomer encapsulated disc with an electroless nickel plated seat. Sizes from 2½ - 12"" | DN65 - DN300. Pressures up to 365 psi | 2517 kPa | 25 bar",https://www.victaulic.com/products/series-717-firelock-check-valve/
766,FireLock™ Series 766 Butterfly Valve – Supervised Closed,Valves,,"Designed to be Supervised Closed during normal operating conditions. Ductile iron body and disc with nitrile seats. Sizes from 2 - 8"" | DN50 - DN200",https://www.victaulic.com/products/series-766-firelock-high-pressure-butterfly-valve-supervised-closed/
707C,FireLock™ Series 707C Butterfly Valve – Supervised Closed,Valves,,"Design to be Supervised Closed during normal operating conditions. Ductile iron body and disc with EPDM seats. Sizes from 2 - 8"" | DN50 - DN200",https://www.victaulic.com/products/series-707c-firelock-butterfly-valve-supervised-closed/
705,FireLock™ Series 705 Butterfly Valve – Supervised Open,Valves,,"Weatherproof actuator housing approved for indoor or outdoor use. Ductile iron body and disc with EPDM seats. Sizes from 2 - 12"" | DN50 - DN300",https://www.victaulic.com/products/series-705-firelock-butterfly-valve-supervised-open/
250-C,Series 250-C Butterfly Valve for Copper Tubing,Valves,,"Victaulic's Series 250-C Butterfly Valve is ideal for copper tubing systems used in potable, chilled, heating, and condenser water.",https://www.victaulic.com/products/series-250-c-butterfly-valve-for-copper-tubing/
786V,Series 786V Manual Balancing Valve,Valves,,"The Series 786V is a “Y” patterned globe valve with a digital hand wheel with 4 turns to open, including a memory stop.",https://www.victaulic.com/products/series-786v-manual-balancing-valve/
788V,Series 788V Manual Balancing Valve,Valves,,"The Series 788V is a “Y” patterned globe valve with a digital hand wheel with 8, 12 or 16 turns to open, including memory stop.",https://www.victaulic.com/products/series-788v-manual-balancing-valve/
787V,Series 787V Manual Balancing Valve,Valves,,"The Series 787V is a “Y” patterned globe valve with a digital hand wheel with 4 turns to open, Including memory stop.",https://www.victaulic.com/products/series-787v-manual-balancing-valve/
789V,Series 789V Manual Balancing Valve,Valves,,"The Series 789V is a “Y” patterned globe valve with a digital hand wheel with 8, 12 or 16 turns to open, including memory stop.",https://www.victaulic.com/products/series-789v-manual-balancing-valve/
790V,Series 790V Manual Balancing Valve,Valves,,"The Series 790V can be used on heating (not steam), cooling, and potable water systems with balancing, shut-off, and more capabilities.",https://www.victaulic.com/products/series-790v-manual-balancing-valve/
78KV,Series 78KV Balancing Valve,Valves,,"The Series 78KV is a “Y” patterned globe valve with a digital hand wheel with 4 turns to open, including memory stop.",https://www.victaulic.com/products/series-78kv-balancing-valve/
,Domestic Water Kits for Hydronic Balancing,Fire Protection,,Domestic Water Kits for Hydronic Balancing | For use on potable water systems | Flow-limiting recirculation balancing/control options,https://www.victaulic.com/products/domestic-water-kits-for-hydronic-balancing/
,Manual Balancing Valves,Valves,,"“Y” patterned globe valve. TA Series 786, 787H & 78KH: Digital hand wheel with 4 turns to open; Includes memory stop. TA Series 788 & 789: Digital hand wheel with 8, 12 or 16 turns to open (depending on size); Includes memory stop",https://www.victaulic.com/products/manual-balancing-valve/
,Automatic Balancing Valves,Valves,,"Pressures up to 365psi | 2517 kPa | 25bar. Rated from -4°F to 250°F | -20°C to 120°C. Series 76T, 76B, 76K, 76V Sizes from ½ - 2"" | DN15 - DN50 Contains an automatic cartridge with a replaceable orifice plate, specify cartridge type when ordering DZR Brass body with an EPDM O",https://www.victaulic.com/products/series-76t-series-76b-series-76g-series-76k-series-76tv-automatic-balancing-valve/
78BL,TA Series 78BL Balancing Valve,Valves,,"Shut-off, manual throttling and measuring valve with reduced port. IAPMO certified in accordance with ANSI/NSF 61 for cold +73°F | +23°C and hot +180°F | +82°C potable water service and ANSI/NSF 372.. Sizes from ½ - 2"" | DN15 - DN50",https://www.victaulic.com/products/ta-series-78bl-balancing-ball-valve/
790,TA Series 790 Balancing Valve for Potable Water Applications,Valves,,"TA Series 790 Balancing Valve. For use on heating (not steam), cooling, and potable water systems. Balancing, pre-setting, measuring, shut-off, & draining.",https://www.victaulic.com/products/ta-series-790-balancing-valve-for-potable-water-applications/
TC,TA Series TC/TCM Terminal Balancing and Control Valve for Modulating and On-Off Control,Valves,,TA Series TC- designed for on-off control. TA Series TCM- designed for modulating control or on-off. Ensures accurate hydronic control and optimum throughput over a long lifetime,https://www.victaulic.com/products/ta-series-tcm-tbv-ta-series-tc-tbv-terminal-balancing-and-control-valve-for-control/
7MP,TA Series 7MP Pressure Independent Balancing and Modulating Control Valve,Valves,,"EQM (Equal Percentage Modified) flow characteristics provide highly precise temperature control. Sizes from ½ - 6"" | DN15 - DN150. Pressures up to 362 psi | 2496 kPa | 25 bar",https://www.victaulic.com/products/ta-series-7mp-compact-pressure-independent-balancing-and-control-valve/
76X,Series 76X ICSS Low Lead Balancing Valve,Valves,,Used in drinking water applications. NSF Certified in accordance with ANSI/NSF 61 to 180°F | 82°C and ANSI/NSF 372. Differential pressure options 2 - 32 psi | 13.78 - 220.6 kPa | .15 - 2 bar and 5 - 60 psi | 34 - 414 kPa | 3 - 4 bar,https://www.victaulic.com/products/series-76x-icss-low-lead-balancing-valve/
,KOIL-KIT™ Standard Coil Packs,Fire Protection,,"Suitable for a variety of hot and cold water applications, including treated and untreated water systems. The Series 799 consists of the following components: a Series 78Y Y-strainer/ball valve or Series 78T ball valve union combination; a Series 78U union port fitting; and a Series 78K, Series 786",https://www.victaulic.com/products/koil-kit-coil-pack799-79v-79a-79b/
76W,TA Series 76W 6-Way Valve,Valves,,"For use in hydronic heating and cooling (change-over) systems, using water, neutral fluids or water-glycol mixtures. Linear for on/off control. Sizes from 1/2 – 3/4″ | DN15 – DN20",https://www.victaulic.com/products/ta-series-76w-6-way-valve/
793,TA Series 793/794 Differential Pressure Controller,Fire Protection,,"Capable of stabilizing differential pressures up to 23.3 psi | 160 kPa | 1.6 bar. Series 793 Features Ametal body providing dielectric protection Sizes from ½ - 2"" | DN15 - DN50. Features Ametal body providing dielectric protection",https://www.victaulic.com/products/series-793-series-794-ta-differential-pressure-controller/
7PR,TA Series 7PR Differential Pressure Controller,Fire Protection,,"Features a ductile iron valve body and a non-ferrous AMETAL® DZR brass copper alloy pilot body. Sizes from 2 ½ - 8"" | DN65 - DN200. Capable of stabilizing differential pressures up to 116 psi | 800 kPa | 8 bar",https://www.victaulic.com/products/ta-series-7pr-differential-pressure-controller/
7DA,TA Series 7DA Compact Differential Pressure Controller,Fire Protection,,"Provides differential pressure control for heating and cooling systems. Sizes from ½ - 2"" | DN15 - DN50. Pressures up to 365 psi | 2517 kPa | 25 bar",https://www.victaulic.com/products/ta-series-compact-differential-pressure-controller/
782,TA Series 782 Differential Pressure Relief Valve,Valves,,Adjustable bypass pressure relief for heating and cooling systems. Sizes from ½ – 1 ¼” | DN15 – DN32. Pressures up to 290 psi | 2000 kPa | 20 bar,https://www.victaulic.com/products/victaulic-differential-pressure-relief-valve-ta-series-782/
,KOIL-KIT™ Coil Packs for Air Handling Units,Fire Protection,,Series 79C and 79D consist of a Series 732 strainer with a blow down drain valve and a balancing valve. Series 79D includes the option of adding a Style 925 drain/air vent assembly included with the coil package. The Style 925 is provided with a Style 107N QuickVic rigid coupling which is used for c,https://www.victaulic.com/products/series-79c-series-79d-koil-kit-coil-packs-for-air-handling-units/
7890,Series 7890 Oventrop Double Regulating and Commissioning Valve,Valves,,"Valve performs presetting, measuring, isolating, filling and draining system functions. Preset memory position to achieve system balance. Sizes from DN65 – DN300 | 2½ – 12""",https://www.victaulic.com/products/series-7890-oventrop-double-regulating-commissioning-valve/
AB14,VicFlex™ Style AB14 Bracket,Fire Protection,,"The VicFlex™ Style AB14 Bracket is an elbow shaped stand-off mount for wood and metal joists, compatible with pendent or sidewall sprinklers.",https://www.victaulic.com/products/vicflex-style-ab14-bracket/
HP-170,Style HP-170 Rigid Coupling,Couplings,,EndSeal™ (ES) or Original Groove System (OGS) groove compatibility Sizes from 2’’ – 8’’ I DN50 – DN200 Pressures […],https://www.victaulic.com/products/style-hp-170-rigid-coupling/
W371,Series W371 Open Stem & Yoke (OS&Y) Gate Valve,Valves,,Series W371. Available Sizes: 14” - 16” IPS. Pressure Class: 250 psi /1725 kPa /17 Bar. Operating Temperature: -20°F to + 180°F/-29°C to +82°C,https://www.victaulic.com/products/series-w371-open-stem-yoke-oy-gate-valve/
386-DL,Series 386-DL Pressure Reducing Valve Stations,Valves,,Our Series 386-DL Pressure Reducing Valve Stations come pre-assembled and offer integrated low-flow bypass for low water demand situations.,https://www.victaulic.com/products/series-386-dl-pressure-reducing-valve-stations/
341,Style 341 Flange Adapter,Fire Protection,,"Style 341. Designed for direct connection of flanged components into a grooved cast or ductile system. Designed for Class 53 or higher pipe. Sizes from 3 - 24"" | DN80 - DN600",https://www.victaulic.com/products/style-341-vic-flange-adapter/
,Grooved Fittings for Stainless Steel,Fittings,,"Original grooved system (OGS) ends eliminate pipe end preparation for the stainless steel fittings. Available in ANSI Schedule 10S or Schedule 40S, type 304L or 316L. Sizes from ¾ - 12"" | DN20 - DN300",https://www.victaulic.com/products/grooved-fittings-for-stainless-steel/
31R,Style 31R AWWA Rigid Coupling,Couplings,,The Style 31R AWWA Rigid Coupling was designed to restrict axial or angular movement on class 53 or higher ductile iron pipe.,https://www.victaulic.com/products/style-31r-awwa-rigid-coupling/
CG336,CG336 Portable Cut Grooving Tool,Fire Protection,,• Modular field fabrication cut grooving tool• Designed to simultaneously square cut and groove ductile iron pipe ends,https://www.victaulic.com/products/cg336-portable-cut-grooving-tool/
FL-QR,FireLock™ Series FL-QR/DRY/ESFR Sprinklers,Sprinklers,,FireLock™ Series FL-QR/DRY/ESFR. Light | Ordinary | Extra | Storage. K16.8 | S.I.24.2,https://www.victaulic.com/products/firelock-series-fl-qr-dry-esfr-sprinklers/
607,Style 607/607Z QuickVic™ Installation-Ready™ Rigid Coupling for Copper Tubing,Couplings,,"Style 607. Installation-Ready™ design. For joining CTS copper tube. Designed for use on K, L, M or DWV copper tubing",https://www.victaulic.com/products/style-607-quickvic-rigid-coupling-for-copper/
W77S,Style W77S Stainless Steel Flexible Coupling,Couplings,,"The Style W77S Stainless Steel Flexible Coupling features a wedge-shaped key profile, ranging in sizes from 14 – 24″ | DN350 – DN600.",https://www.victaulic.com/products/style-w77s-stainless-steel-flexible-coupling/
UBA,Series UBA Unibody Automatic Flow Limiting Balancing Valve,Valves,,"The Series UBA Unibody Automatic Flow Limiting Balancing Valve offers ease of commissioning and maintenance, flow control, and more.",https://www.victaulic.com/products/series-uba-unibody-automatic-flow-limiting-balancing-valve/
769N,FireLock NXT™ Series 769N Preaction System Check Valve,Valves,,"Available bare, pretrimmed, as a Vic-Quick riser or in a Series 745 FireLock Fire-Pac cabinet with sizes ranging from 1½ - 8"" | DN40 - DN200.",https://www.victaulic.com/products/firelock-nxt-series-769n-preaction-system-check-valve/
771F,FireLock™ Series 771F OS&Y Gate Valve,Valves,,Available as Groove × Groove or Groove × Flange*. It's best used when positive shut-off is required in a fire line and a quick visual indicator of open/closed position is needed.,https://www.victaulic.com/products/series-771f-firelock-osy-gate-valve/
W489,Style W489 AGS Stainless Steel Rigid Coupling,Couplings,,Style W489 AGS Stainless Steel Rigid Coupling greatly reduces linear or angular movement and is useful for valve connections where rigidity is required.,https://www.victaulic.com/products/style-w489-ags-stainless-steel-rigid-coupling/
UH1,Series UH1 Flexible Pipe,Fire Protection,,Victaulic's Series UH1 Flexible Pipe is available in ½ – 1″ diameter and is ideal for hot and cold water treated systems.,https://www.victaulic.com/products/series-uh1-flex-pipe/
FL-QR,FireLock™ Series FL-QR/ST/ESFR Sprinklers,Sprinklers,,"V4806, K22.4 | 32.0 SI V4808, K22.4 | 32.0 SI",https://www.victaulic.com/products/firelock-series-fl-qr-st-esfr-sprinklers/
VE26,VE26/VE46 Power Drive Kit,Fire Protection,,"Allows tools to be directly mounted to either a Victaulic VPD752 or Ridgid® 300 Power Drive. Tools with serial numbers ending in ""C"" are compatible with the Power Drive Kit. Contact Victaulic for details. Weight: 7 lbs. | 3 kg",https://www.victaulic.com/products/style-ve26ve46-vic-easy-power-drive-kit/
,Victaulic Unibody Koil-Kit™ Coil Pack,Fire Protection,,"The Victaulic Unibody Koil-Kit™ Coil Pack is suitable for hot and cold water applications, including treated and untreated water systems.",https://www.victaulic.com/products/victaulic-unibody-koil-kit-coil-pack/
,No. 10-DR Drain Elbow,Fittings,,"Standard fitting pressure ratings conform to ratings of installed coupling. All fittings supplied with grooves for fast installation. Fittings available from 2½ - 6"" | DN65 - DN150",https://www.victaulic.com/products/no-10-dr-drain-elbow/
385,Series 385 Vibration Isolation Air Handling Unit (AHU) Drop,Fire Protection,,"Provides hook-ups to address AHU piping needs for isolation, straining, balancing and draining. Swing joint accommodates variable nature of coil misalignment and variants in vertical spacing during installation. Offered in six standard configurations (Series 385A, 385B, 385C, 385D, 385E, 385F)",https://www.victaulic.com/products/series-385-vibration-air-handling-unit-ahu-drop/
